{
    "\"t1\"": {
        "0": [
            26425.787727801682,
            1061.3698383433834
        ],
        "2": [
            23271.546723152438,
            759.5811417958599
        ],
        "4": [
            22314.18479186206,
            546.8756592942423
        ],
        "8": [
            24111.17660636833,
            718.2556151064989
        ],
        "12": [
            25397.888118003553,
            721.9051463475583
        ],
        "6": [
            35550.22244145802,
            2051.297113143387
        ],
        "10": [
            22075.856594785688,
            685.722540140026
        ],
        "14": [
            20012.769816479322,
            345.96998037548803
        ],
        "17": [
            28648.181193275286,
            731.3461945937064
        ],
        "16": [
            20396.5272439928,
            349.896661598465
        ],
        "19": [
            28786.07431790287,
            1254.292236778152
        ]
    },
    "\"fitted_parameters\"": {
        "0": [
            -0.026344297535376114,
            -1.0108486848030052,
            26425.787727801682
        ],
        "2": [
            -0.009807328415837256,
            -0.9742386277680773,
            23271.546723152438
        ],
        "4": [
            -0.002948833399034708,
            -0.9062496809359233,
            22314.18479186206
        ],
        "8": [
            -0.016060861678894662,
            -0.9881993354931805,
            24111.17660636833
        ],
        "12": [
            -0.010078604792382645,
            -0.9718317844554698,
            25397.888118003553
        ],
        "6": [
            -0.07298377390482981,
            -1.0630667254903254,
            35550.22244145802
        ],
        "10": [
            -0.015412026037354653,
            -0.9946907323469535,
            22075.856594785688
        ],
        "14": [
            -0.003109834466853885,
            -0.9744713054072925,
            20012.769816479322
        ],
        "17": [
            -0.012344414758146295,
            -0.9905846023781281,
            28648.181193275286
        ],
        "16": [
            0.0034356384644371385,
            -0.9352963604381703,
            20396.5272439928
        ],
        "19": [
            -0.03500448534585506,
            -1.0132806672260037,
            28786.07431790287
        ]
    },
    "\"pcov\"": {
        "0": [
            [
                5.017238862231777e-05,
                2.2140620801322785e-05,
                -6.718722916600374e-05
            ],
            [
                2.2140620801322785e-05,
                0.00019703043023384012,
                1.9465215335526386e-06
            ],
            [
                -6.718722916600374e-05,
                1.9465215335526377e-06,
                0.00011729549497553725
            ]
        ],
        "2": [
            [
                2.346357274499134e-05,
                7.315971777146939e-06,
                -3.101667340836232e-05
            ],
            [
                7.315971777146939e-06,
                0.00015186580953199458,
                1.4427251681433653e-05
            ],
            [
                -3.101667340836232e-05,
                1.4427251681433655e-05,
                6.0075334336932776e-05
            ]
        ],
        "4": [
            [
                9.095488021544646e-06,
                -1.2085950952129244e-06,
                -1.3496521121942308e-05
            ],
            [
                -1.2085950952129244e-06,
                0.00010992920664736041,
                2.0294010429295322e-05
            ],
            [
                -1.3496521121942308e-05,
                2.0294010429295322e-05,
                3.114046092550106e-05
            ]
        ],
        "8": [
            [
                2.0485027369437708e-05,
                5.330101144034015e-06,
                -2.8117492381158803e-05
            ],
            [
                5.330101144034016e-06,
                0.00012801083559292497,
                1.2883444988907267e-05
            ],
            [
                -2.8117492381158803e-05,
                1.2883444988907273e-05,
                5.371627745023065e-05
            ]
        ],
        "12": [
            [
                2.50710281655938e-05,
                1.187252854679363e-05,
                -3.13640299240855e-05
            ],
            [
                1.187252854679363e-05,
                9.302281729727405e-05,
                1.4974800141596316e-06
            ],
            [
                -3.13640299240855e-05,
                1.497480014159633e-06,
                5.426354022522799e-05
            ]
        ],
        "6": [
            [
                0.00027157592393769266,
                0.00017990489912490747,
                -0.00032416925515082887
            ],
            [
                0.0001799048991249075,
                0.0003512483811255156,
                -0.0001595668027316751
            ],
            [
                -0.00032416925515082887,
                -0.00015956680273167511,
                0.0004381320123271964
            ]
        ],
        "10": [
            [
                1.1679434093915933e-05,
                -4.5418476894751116e-07,
                -1.9940145602471844e-05
            ],
            [
                -4.541847689475114e-07,
                0.00017329372238455778,
                2.2303235226028353e-05
            ],
            [
                -1.9940145602471844e-05,
                2.2303235226028353e-05,
                4.896037089297059e-05
            ]
        ],
        "14": [
            [
                3.138527973030799e-06,
                8.715433299918931e-07,
                -4.559456832846156e-06
            ],
            [
                8.715433299918932e-07,
                4.2804687262106104e-05,
                4.6914506568243465e-06
            ],
            [
                -4.559456832846156e-06,
                4.691450656824346e-06,
                1.2463059904312324e-05
            ]
        ],
        "17": [
            [
                3.344205631131956e-05,
                2.3535114750399776e-05,
                -3.791826335845623e-05
            ],
            [
                2.3535114750399776e-05,
                5.9211014534250694e-05,
                -1.702545937592921e-05
            ],
            [
                -3.791826335845624e-05,
                -1.702545937592921e-05,
                5.5692134146886234e-05
            ]
        ],
        "16": [
            [
                4.055538117748378e-06,
                2.3892224210119874e-07,
                -5.400301831979119e-06
            ],
            [
                2.3892224210119884e-07,
                5.1382639947260525e-05,
                7.822176505881599e-06
            ],
            [
                -5.400301831979119e-06,
                7.822176505881599e-06,
                1.2747571199266006e-05
            ]
        ],
        "19": [
            [
                7.641403422381407e-05,
                4.129246567035134e-05,
                -0.00010039667173507753
            ],
            [
                4.129246567035135e-05,
                0.00020695691581669554,
                -2.006623627863016e-05
            ],
            [
                -0.00010039667173507753,
                -2.006623627863014e-05,
                0.00016381185081652848
            ]
        ]
    },
    "\"chi2\"": {
        "0": [
            11.425507935352963,
            0.2
        ],
        "2": [
            6.996777490197804,
            0.2
        ],
        "4": [
            3.111631051690562,
            0.2
        ],
        "8": [
            5.969924073898474,
            0.2
        ],
        "12": [
            4.542351836022345,
            0.2
        ],