{
    "\"measured_raw_density_matrix_real\"": {
        "[18, 19]": [
            [
                0.45083333333333336,
                0.01616666666666676,
                0.00949999999999989,
                0.3610000000000001
            ],
            [
                0.016166666666666676,
                0.06016666666666681,
                0.002999999999999962,
                0.008500000000000073
            ],
            [
                0.009500000000000047,
                0.002999999999999986,
                0.07783333333333349,
                0.00316666666666654
            ],
            [
                0.3610000000000002,
                0.008500000000000035,
                0.003166666666666762,
                0.41116666666666657
            ]
        ]
    },
    "\"measured_raw_density_matrix_imag\"": {
        "[18, 19]": [
            [
                -1.0937145139728271e-18,
                -0.014333333333333392,
                0.027999999999999976,
                0.04750000000000007
            ],
            [
                0.014333333333333309,
                2.8675632579377146e-17,
                0.010500000000000028,
                0.0019999999999999636
            ],
            [
                -0.02800000000000009,
                -0.010500000000000138,
                -2.844846783030064e-17,
                -0.017333333333333326
            ],
            [
                -0.04750000000000011,
                -0.001999999999999915,
                0.017333333333333395,
                -1.6571974837456116e-17
            ]
        ]
    },
    "\"measured_density_matrix_real\"": {
        "[18, 19]": [
            [
                0.450833333333333,
                0.01616666666666663,
                0.009500000000000026,
                0.36099999999999977
            ],
            [
                0.01616666666666663,
                0.06016666666666672,
                0.0029999999999999697,
                0.00849999999999994
            ],
            [
                0.009500000000000024,
                0.0029999999999999697,
                0.07783333333333349,
                0.0031666666666667624
            ],
            [
                0.36099999999999977,
                0.008499999999999938,
                0.0031666666666667603,
                0.4111666666666662
            ]
        ]
    },
    "\"measured_density_matrix_imag\"": {
        "[18, 19]": [
            [
                0.0,
                -0.014333333333333299,
                0.028000000000000056,
                0.04750000000000005
            ],
            [
                0.014333333333333299,
                0.0,
                0.010500000000000181,
                0.001999999999999884
            ],
            [
                -0.02800000000000005,
                -0.010500000000000178,
                0.0,
                -0.017333333333333374
            ],
            [
                -0.04750000000000005,
                -0.0019999999999998877,
                0.017333333333333378,
                -6.938893903907228e-18
            ]
        ]
    },
    "\"fidelity\"": {
        "[18, 19]": 0.7919999999999991
    }
}