{
    "\"detuning\"": 200000,
    "\"frequency\"": {
        "0": [
            4314994241,
            198.99636288313516
        ],
        "2": [
            4332127665,
            376.8687810803143
        ],
        "4": [
            4337939515,
            716.8696284635212
        ],
        "8": [
            4299646689,
            1014.2063320896692
        ],
        "12": [
            4373749260,
            498.777654858758
        ],
        "6": [
            4391296926,
            311.38124983730955
        ],
        "10": [
            4442355057,
            592.4532623726304
        ],
        "14": [
            4369750498,
            772.2512336010619
        ],
        "17": [
            4312131251,
            405.45029273607906
        ],
        "16": [
            4370663235,
            253.7355724627745
        ],
        "19": [
            4328724657,
            845.8217157085317
        ]
    },
    "\"t2\"": {
        "0": [
            17572.655341842506,
            308.11771403834416
        ],
        "2": [
            16473.611269884404,
            541.8088230773492
        ],
        "4": [
            8856.79832950982,
            331.5832664544102
        ],
        "8": [
            9398.257373565608,
            462.4449009816096
        ],
        "12": [
            14697.524302809237,
            546.7669307535776
        ],
        "6": [
            16009.523392225568,
            394.5843096658431
        ],
        "10": [
            15008.3178555992,
            648.7007811520658
        ],
        "14": [
            13467.990363581031,
            748.189059706568
        ],
        "17": [
            33801.335247803094,
            2165.0127999597917
        ],
        "16": [
            30636.66014190849,
            1065.9076850634806
        ],
        "19": [
            10787.0482852114,
            548.4307983497739
        ],
        "1": [
            4849.4448396506,
            153.5443352299605
        ],
        "3": [
            4732.448300052128,
            199.57006746312692
        ],
        "7": [
            17177.223117681227,
            762.0907786475301
        ],
        "5": [
            3751.7625287661044,
            94.06446130786807
        ],
        "9": [
            6070.1465371990735,
            210.94574397539446
        ],
        "13": [
            5858.704684551715,
            357.01500565500953
        ],
        "18": [
            6409.570886185025,
            375.2097859265737
        ],
        "11": [
            5963.305653461054,
            196.444417343299
        ],
        "15": [
            20951.945409388212,
            1029.502806584976
        ]
    },
    "\"delta_phys\"": {
        "0": [
            4601,
            198.99636288313516
        ],
        "2": [
            65819,
            376.8687810803143
        ],
        "4": [
            -280093,
            716.8696284635212
        ],
        "8": [
            -8634,
            1014.2063320896692
        ],
        "12": [
            14767,
            498.777654858758
        ],
        "6": [
            -47335,
            311.38124983730955
        ],
        "10": [
            41931,
            592.4532623726304
        ],
        "14": [
            -174266,
            772.2512336010619
        ],
        "17": [
            -4470,
            405.45029273607906
        ],
        "16": [
            -32667,
            253.7355724627745
        ],
        "19": [
            -315311,
            845.8217157085317
        ]
    },
    "\"delta_fitting\"": {
        "0": [
            -195398.01643870122,
            198.99636288313516
        ],
        "2": [
            -134180.9464900185,
            376.8687810803143
        ],
        "4": [
            -480093.9046750757,
            716.8696284635212
        ],
        "8": [
            -208634.38076105766,
            1014.2063320896692
        ],
        "12": [
            -185232.01342685556,
            498.777654858758
        ],
        "6": [
            -247335.3346690967,
            311.38124983730955
        ],
        "10": [
            -158068.87917780783,
            592.4532623726304
        ],
        "14": [
            -374266.6477175685,
            772.2512336010619
        ],
        "17": [
            -204470.44996824922,
            405.45029273607906
        ],
        "16": [
            -232667.90641150277,
            253.7355724627745
        ],
        "19": [
            -515311.1987248087,
            845.8217157085317
        ]
    },
    "\"fitted_parameters\"": {
        "0": [
            0.48573744268625013,
            0.4913111088550653,
            0.0012277219459396827,
            1.4903831146441289,
            5.690659610325853e-05
        ],
        "2": [
            0.28972956335284233,
            0.30176700293470166,
            0.0008430837514895347,
            1.124057588241391,
            6.070314417507904e-05
        ],
        "4": [
            0.4368821427458933,
            0.39561463017496623,
            0.003016518967920913,
            1.73118571318936,
            0.00011290761771870953
        ],
        "8": [
            0.4741650277098831,
            0.5325262265913876,
            0.0013108884757703889,
            0.9483626816727861,
            0.00010640270427288902
        ],
        "12": [
            0.4650618356412595,
            0.45282995620059174,
            0.0011638470651829107,
            1.2489915851503954,
            6.803866960157795e-05
        ],
        "6": [
            0.4858758733323795,
            0.5158688658361588,
            0.001554053740739214,
            1.4782662643264133,
            6.246282137828119e-05
        ],
        "10": [
            0.4669694411899344,
            0.482638830958071,
            0.0009931760591723473,
            1.0481673605439565,
            6.662971890796722e-05
        ],
        "14": [
            0.48010107246341444,
            0.4878671751568407,
            0.0023515867019063847,
            1.210231538570943,
            7.425012737639856e-05
        ],
        "17": [
            0.48338867342009656,
            0.4878596012993739,
            0.001284725726992902,
            1.0050122487437951,
            2.9584630094309506e-05
        ],
        "16": [
            0.4824270437338586,
            0.49029034196260324,
            0.0014618955710169893,
            1.384812585928617,
            3.2640633651580065e-05
        ],
        "19": [
            0.4784239027700282,
            0.4522699781468139,
            0.003237795752452818,
            1.6784923282702984,
            9.270376599416532e-05
        ]
    },
    "\"chi2\"": {
        "0": [
            1.7001690169702441,
            0.1
        ],
        "2": [
            2.0500814903025812,
            0.1
        ],
        "4": [
            4.450070507263643,
            0.1
        ],
        "8": [
            18.748307768865452,
            0.1
        ],
        "12": [
            6.439312045404003,
            0.1
        ],
        "6": [
            4.158470023207648,
            0.1
        ],
        "10": [
            10.57151589845947,
            0.1
        ],
        "14": [
            17.929349796651497,
            0.1
        ],
        "17": [
            13.238515061995273,
            0.1
        ],
        "16": [
            4.724586419934704,
            0.1
        ],
        "19": [
            12.728651840421078,
            0.1
        ]
    }
}