{
    "(0, 1)": 0.8350000000000003,
    "(0, 3)": 0.9385035766130211,
    "(1, 4)": 0.5140971607863148,
    "(2, 3)": 0.6660398260192519,
    "(3, 4)": 0.6826530788867063,
    "(3, 8)": 0.9485001725517974,
    "(4, 5)": 0.5660635606838424,
    "(4, 9)": 0.7145397883523743,
    "(5, 6)": 0.8885000000000006,
    "(8, 9)": 0.9470219906424933,
    "(8, 13)": 0.9155005098167546,
    "(13, 17)": 0.9400016375920797,
    "(14, 18)": 0.911519975604169,
    "(15, 19)": 0.49149999999999994,
    "(17, 18)": 0.9344999999999998,
    "(18, 19)": 0.5839999999999999,
    "best_qubits": {
        "2": [
            [
                [
                    [
                        8,
                        3
                    ]
                ],
                0.9485001725517974
            ]
        ],
        "3": [
            [
                [
                    [
                        8,
                        3
                    ],
                    [
                        8,
                        9
                    ]
                ],
                0.9477610815971453
            ]
        ],
        "4": [
            [
                [
                    [
                        0,
                        3
                    ],
                    [
                        8,
                        3
                    ],
                    [
                        8,
                        9
                    ]
                ],
                0.9446752466024373
            ]
        ],
        "5": [
            [
                [
                    [
                        3,
                        8
                    ],
                    [
                        8,
                        9
                    ],
                    [
                        8,
                        13
                    ],
                    [
                        13,
                        17
                    ]
                ],
                0.9377560776507813
            ]
        ]
    }
}