{
    "\"detuning\"": 200000,
    "\"frequency\"": {
        "1": [
            4506697548,
            978.0724561006858
        ],
        "3": [
            4487512045,
            934.3994665028434
        ],
        "7": [
            4569751011,
            713.0860019107101
        ],
        "5": [
            4514793844,
            1488.9506654419195
        ],
        "9": [
            4510555630,
            963.6242462894579
        ],
        "13": [
            4462276863,
            1484.8535350776035
        ],
        "18": [
            4534926170,
            1404.0703673308933
        ],
        "11": [
            4504458253,
            1024.055406397859
        ],
        "15": [
            4493231879,
            220.5926845604196
        ]
    },
    "\"t2\"": {
        "1": [
            5035.231121755586,
            279.21787774912775
        ],
        "3": [
            6000.191064418829,
            176.98588863735282
        ],
        "7": [
            9185.234938911755,
            369.6182072524585
        ],
        "5": [
            3695.855297258072,
            115.49696122711993
        ],
        "9": [
            6031.8854626381235,
            201.9589442446257
        ],
        "13": [
            5318.289327118765,
            278.8063331171527
        ],
        "18": [
            5743.631214613383,
            241.2841413644548
        ],
        "11": [
            6050.573706909923,
            183.7822345544325
        ],
        "15": [
            24474.162521633138,
            653.5134212425661
        ]
    },
    "\"delta_phys\"": {
        "1": [
            152621,
            978.0724561006858
        ],
        "3": [
            76766,
            934.3994665028434
        ],
        "7": [
            -23813,
            713.0860019107101
        ],
        "5": [
            -99983,
            1488.9506654419195
        ],
        "9": [
            -28024,
            963.6242462894579
        ],
        "13": [
            98914,
            1484.8535350776035
        ],
        "18": [
            -105538,
            1404.0703673308933
        ],
        "11": [
            40667,
            1024.055406397859
        ],
        "15": [
            -52754,
            220.5926845604196
        ]
    },
    "\"delta_fitting\"": {
        "1": [
            -47378.80940614839,
            978.0724561006858
        ],
        "3": [
            -123233.33948074526,
            934.3994665028434
        ],
        "7": [
            -223813.29893581412,
            713.0860019107101
        ],
        "5": [
            -299983.0658776144,
            1488.9506654419195
        ],
        "9": [
            -228024.57215624585,
            963.6242462894579
        ],
        "13": [
            -101085.3555526025,
            1484.8535350776035
        ],
        "18": [
            -305538.50223816995,
            1404.0703673308933
        ],
        "11": [
            -159332.66588519,
            1024.055406397859
        ],
        "15": [
            -252754.5046564648,
            220.5926845604196
        ]
    },
    "\"fitted_parameters\"": {
        "1": [
            0.5501778640197441,
            0.5080138350701048,
            0.0002976898391323736,
            0.9652222915515782,
            0.00019860061550686865
        ],
        "3": [
            0.4823917289233057,
            0.5379353378185355,
            0.0007742979079800927,
            1.011570925964354,
            0.00016666135949070128
        ],
        "7": [
            0.273216440833471,
            0.1772015395016051,
            0.0014062604314248998,
            1.6237103441269112,
            0.00010887037801980028
        ],
        "5": [
            0.4856662260646875,
            0.5753350405823162,
            0.0018848491919249129,
            1.9418254057599882,
            0.0002705733638278243
        ],
        "9": [
            0.49064741555755165,
            0.5852927633999828,
            0.0014327206414480353,
            1.9876542179853844,
            0.0001657856413544426
        ],
        "13": [
            0.4885304471480002,
            0.6112367635348566,
            0.0006351380207791364,
            0.7550086183224608,
            0.00018803038693304032
        ],
        "18": [
            0.47865879932131644,
            0.5442077861219543,
            0.0019197550280405265,
            1.0126697306628263,
            0.0001741058857427552
        ],
        "11": [
            0.4798508038685275,
            0.5007656667617327,
            0.00100111666524358,
            1.082364781583484,
            0.0001652735837029755
        ],
        "15": [
            0.4591777373274269,
            0.470838696669479,
            0.0015881033899809538,
            1.575307610482953,
            4.085941650163035e-05
        ]
    },
    "\"chi2\"": {
        "1": [
            2.179232878989382,
            0.1
        ],
        "3": [
            5.226103095866451,
            0.1
        ],
        "7": [
            1.105417289261181,
            0.1
        ],
        "5": [
            3.8773107307057124,
            0.1
        ],
        "9": [
            7.285528742751075,
            0.1
        ],
        "13": [
            13.86490644891943,
            0.1
        ],
        "18": [
            11.26509480888367,
            0.1
        ],
        "11": [
            4.9611203485321695,
            0.1
        ],
        "15": [
            2.7083791771916936,
            0.1
        ]
    }
}