{
    "t1": {
        "0": 20.675627676755,
        "1": 20.384859311584336,
        "2": 29.093551443301166,
        "3": 14.414181273119882,
        "4": 24.626247354536808,
        "5": 15.5250884719642,
        "6": 33.57329611077199,
        "7": 13.93099775352879,
        "8": 24.25453513067068,
        "9": 22.830929448431295,
        "10": 24.956407638543386,
        "11": 21.462084948216244,
        "12": 22.902322258270896,
        "13": 7.478391338434749,
        "14": 25.228411318002333,
        "15": 14.698829170385345,
        "16": 25.603821294061664,
        "17": 32.64319995632938,
        "18": 20.04681864252521,
        "19": 30.22375639906824
    },
    "t2": {
        "0": 17.572655341842506,
        "1": 4.849444839650601,
        "2": 16.473611269884405,
        "3": 4.732448300052128,
        "4": 8.85679832950982,
        "5": 3.7517625287661045,
        "6": 16.009523392225567,
        "7": 17.177223117681226,
        "8": 9.398257373565608,
        "9": 6.070146537199073,
        "10": 15.0083178555992,
        "11": 5.963305653461054,
        "12": 14.697524302809237,
        "13": 5.858704684551715,
        "14": 13.467990363581032,
        "15": 20.951945409388212,
        "16": 30.63666014190849,
        "17": 33.801335247803095,
        "18": 6.409570886185025,
        "19": 10.7870482852114
    },
    "runtime": "113.12 seconds.",
    "description": "T1 and T2 experiments performed on sinq20 backend. \n The thermalization and coherence times are computed with this routine."
}