{
    "\"detuning\"": 200000,
    "\"frequency\"": {
        "0": [
            4314977208,
            239.29175001351985
        ],
        "2": [
            4331934264,
            309.0670494969344
        ],
        "4": [
            4338254494,
            4870.497470110924
        ],
        "8": [
            4299653193,
            926.4969440215874
        ],
        "12": [
            4373692022,
            402.0044301003879
        ],
        "6": [
            4391327424,
            349.50301379875054
        ],
        "10": [
            4442332321,
            744.538591498273
        ],
        "14": [
            4369724681,
            757.1787459530875
        ],
        "17": [
            4312092097,
            369.3172055792401
        ],
        "16": [
            4370661756,
            465.4628936848283
        ],
        "19": [
            4329003507,
            274.1890186736731
        ]
    },
    "\"t2\"": {
        "0": [
            13355.3142981925,
            223.88765108398727
        ],
        "2": [
            11813.151244251258,
            221.92437238162057
        ],
        "4": [
            3155.925298676805,
            267.6954035905265
        ],
        "8": [
            7477.5584849731595,
            284.5973210158942
        ],
        "12": [
            16426.348258353588,
            598.3043698777626
        ],
        "6": [
            21349.541494767982,
            812.4340995033364
        ],
        "10": [
            14744.773401301376,
            897.4710767339348
        ],
        "14": [
            10956.188839238603,
            471.20182166134884
        ],
        "17": [
            21409.36034608497,
            895.3450240748851
        ],
        "16": [
            14559.28585272154,
            544.7780452277793
        ],
        "19": [
            22432.141934044786,
            675.9104379693571
        ],
        "1": [
            4842.153588605043,
            134.5094133650041
        ],
        "3": [
            4532.805539888406,
            157.70303192509374
        ],
        "7": [
            10528.290365964436,
            342.1241816464175
        ],
        "5": [
            2794.8230341816416,
            103.06676674068272
        ],
        "9": [
            5042.394850380696,
            166.00495248077732
        ],
        "13": [
            5906.967529845268,
            298.602392412185
        ],
        "18": [
            5584.083782434573,
            268.5792357304302
        ],
        "11": [
            5364.19025073782,
            236.7946484863163
        ],
        "15": [
            23338.838473488504,
            2665.0189822057255
        ]
    },
    "\"delta_phys\"": {
        "0": [
            -12432,
            239.29175001351985
        ],
        "2": [
            -127582,
            309.0670494969344
        ],
        "4": [
            -191168,
            4870.497470110924
        ],
        "8": [
            -2130,
            926.4969440215874
        ],
        "12": [
            -42471,
            402.0044301003879
        ],
        "6": [
            -16837,
            349.50301379875054
        ],
        "10": [
            19195,
            744.538591498273
        ],
        "14": [
            -37343,
            757.1787459530875
        ],
        "17": [
            -43624,
            369.3172055792401
        ],
        "16": [
            -34146,
            465.4628936848283
        ],
        "19": [
            -36461,
            274.1890186736731
        ]
    },
    "\"delta_fitting\"": {
        "0": [
            -212432.6214477916,
            239.29175001351985
        ],
        "2": [
            -327582.56965191144,
            309.0670494969344
        ],
        "4": [
            -391168.7527947541,
            4870.497470110924
        ],
        "8": [
            -202130.23594740732,
            926.4969440215874
        ],
        "12": [
            -242471.66903441996,
            402.0044301003879
        ],
        "6": [
            -216837.77427791033,
            349.50301379875054
        ],
        "10": [
            -180804.60260113314,
            744.538591498273
        ],
        "14": [
            -237343.76427164805,
            757.1787459530875
        ],
        "17": [
            -243624.8935516793,
            369.3172055792401
        ],
        "16": [
            -234146.23800074187,
            465.4628936848283
        ],
        "19": [
            -236461.71017058613,
            274.1890186736731
        ]
    },
    "\"fitted_parameters\"": {
        "0": [
            0.5322676033584073,
            0.43151769187065064,
            0.0013347535258464074,
            1.568171235382021,
            7.48765605714977e-05
        ],
        "2": [
            0.4897847772144345,
            0.4980228974195796,
            0.0020582619885250236,
            1.493706952396304,
            8.465141767203219e-05
        ],
        "4": [
            0.37572399560763203,
            0.2659512987828286,
            0.0024577857601877627,
            1.1362693290723194,
            0.00031686428079247416
        ],
        "8": [
            0.41508791915888926,
            0.4413294977504197,
            0.0012700217286414927,
            0.9401890399796174,
            0.0001337334909529082
        ],
        "12": [
            0.5101006021994048,
            0.41552422408624906,
            0.001523494428284379,
            1.3626550839695937,
            6.0877803409011004e-05
        ],
        "6": [
            0.5432207248431371,
            0.4069542057519158,
            0.0013624319173844899,
            1.3070603403560495,
            4.683941340122291e-05
        ],
        "10": [
            0.41766770554777494,
            0.35010937311586815,
            0.0011360288225338838,
            0.9960373709407797,
            6.782064212066764e-05
        ],
        "14": [
            0.5209316949810977,
            0.4294910701267362,
            0.0014912748524223143,
            1.1233956929419802,
            9.127261447142917e-05
        ],
        "17": [
            0.47155295519140444,
            0.45161375637516377,
            0.001530740351627102,
            1.1136129054708093,
            4.670854167685889e-05
        ],
        "16": [
            0.42072321729890233,
            0.3880236632948905,
            0.001471184202337636,
            1.4010708355476518,
            6.868468756749301e-05
        ],
        "19": [
            0.4917693849006874,
            0.4828773348493939,
            0.0014857327430543845,
            1.4460706087504296,
            4.457889054644047e-05
        ]
    },
    "\"chi2\"": {
        "0": [
            1.2187906103476973,
            0.1
        ],
        "2": [
            2.323545140307577,
            0.1
        ],
        "4": [
            4.768713462648661,
            0.1
        ],
        "8": [
            5.537179326691961,
            0.1
        ],
        "12": [
            4.302792397732093,
            0.1
        ],
        "6": [
            4.260910853219534,
            0.1
        ],
        "10": [
            8.398681128078087,
            0.1
        ],
        "14": [
            8.3730377307452,
            0.1
        ],
        "17": [
            6.049149688178239,
            0.1
        ],
        "16": [
            4.2060060021084436,
            0.1
        ],
        "19": [
            3.976744674997402,
            0.1
        ]
    }
}