{
    "\"measured_raw_density_matrix_real\"": {
        "[18, 19]": [
            [
                0.5095000000000001,
                0.013500000000000095,
                0.010333333333333236,
                0.46050000000000013
            ],
            [
                0.013500000000000012,
                0.01683333333333345,
                0.005499999999999918,
                0.000333333333333425
            ],
            [
                0.010333333333333326,
                0.005499999999999958,
                0.008166666666666739,
                0.01949999999999992
            ],
            [
                0.46050000000000024,
                0.00033333333333340764,
                0.019500000000000156,
                0.4654999999999999
            ]
        ]
    },
    "\"measured_raw_density_matrix_imag\"": {
        "[18, 19]": [
            [
                -9.387423328364387e-19,
                -0.023500000000000063,
                0.031999999999999966,
                0.05900000000000007
            ],
            [
                0.02350000000000002,
                4.125202947716964e-17,
                0.0060000000000000175,
                -0.012000000000000052
            ],
            [
                -0.032000000000000056,
                -0.006000000000000168,
                -4.332101659883861e-17,
                -0.004499999999999962
            ],
            [
                -0.05900000000000008,
                0.01200000000000008,
                0.004500000000000018,
                -1.757601034400979e-17
            ]
        ]
    },
    "\"measured_density_matrix_real\"": {
        "[18, 19]": [
            [
                0.5129393927130705,
                0.012455077161487374,
                0.012634587914137343,
                0.45706635006672014
            ],
            [
                0.012455077161487374,
                0.022797869628289988,
                -0.00027271294997016724,
                0.0010343416821245695
            ],
            [
                0.012634587914137343,
                -0.00027271294997016724,
                0.014264710520086474,
                0.017510007302013558
            ],
            [
                0.45706635006672014,
                0.0010343416821245704,
                0.017510007302013558,
                0.46894864961584654
            ]
        ]
    },
    "\"measured_density_matrix_imag\"": {
        "[18, 19]": [
            [
                0.0,
                -0.019092901302299733,
                0.02804048046503579,
                0.058732963496206214
            ],
            [
                0.019092901302299733,
                0.0,
                0.00425420817701383,
                -0.007519131434952812
            ],
            [
                -0.028040480465035794,
                -0.00425420817701383,
                4.336808689942018e-19,
                -0.008631579075180633
            ],
            [
                -0.058732963496206214,
                0.00751913143495281,
                0.008631579075180633,
                0.0
            ]
        ]
    },
    "\"fidelity\"": {
        "[18, 19]": 0.9480103712311785
    }
}