{
    "\"fidelity\"": {
        "0": 0.945253934155313,
        "1": 0.998576984819288,
        "2": 0.9976265794685241,
        "3": 0.960128990631707,
        "4": 0.9960842840368146,
        "5": 0.9764291374104321,
        "6": 0.99801099949661,
        "7": 0.6824530373585602,
        "8": 0.9330253556567794,
        "9": 0.9989929414957945,
        "10": 0.8592572897237092,
        "11": 0.9974567452642278,
        "12": 0.9986697520355441,
        "13": 0.9580479532816533,
        "14": 0.9546238427342201,
        "15": 0.9984154393173348,
        "16": 0.9983288895357605,
        "17": 0.998356361370394,
        "18": 0.8998474596258956,
        "19": 0.9990214185182934
    },
    "\"pulse_fidelity\"": {
        "0": 0.9708020982161669,
        "1": 0.9992410585702869,
        "2": 0.9987341757165462,
        "3": 0.9787354616702437,
        "4": 0.9979116181529678,
        "5": 0.9874288732855637,
        "6": 0.9989391997315253,
        "7": 0.8306416199245654,
        "8": 0.9642801896836156,
        "9": 0.9994629021310903,
        "10": 0.9249372211859783,
        "11": 0.9986435974742548,
        "12": 0.9992905344189569,
        "13": 0.9776255750835484,
        "14": 0.9757993827915841,
        "15": 0.9991549009692452,
        "16": 0.9991087410857389,
        "17": 0.9991233927308768,
        "18": 0.9465853118004777,
        "19": 0.9994780898764232
    },
    "\"fit_parameters\"": {
        "0": [
            0.1584712270218962,
            0.890507868310626,
            0.8351050679131654
        ],
        "1": [
            0.8953637711810585,
            0.9971539696385759,
            1.6222639703610377e-17
        ],
        "2": [
            0.9871050248333426,
            0.9952531589370481,
            1.0133203378768964e-15
        ],
        "3": [
            0.05207290938231873,
            0.9202579812634141,
            0.9374565148907991
        ],
        "4": [
            0.9956909655118782,
            0.9921685680736292,
            3.173559376775541e-16
        ],
        "5": [
            0.061771894470122046,
            0.9528582748208642,
            0.9271303978138019
        ],
        "6": [
            0.996267086164809,
            0.9960219989932201,
            3.2148534162263607e-15
        ],
        "7": [
            0.10029642279393021,
            0.36490607471712044,
            0.8800562489772635
        ],
        "8": [
            0.032439321152976895,
            0.8660507113135587,
            0.9614185244187903
        ],
        "9": [
            0.9958319516603859,
            0.997985882991589,
            4.4808282032812737e-10
        ],
        "10": [
            0.06426536692047301,
            0.7185145794474185,
            0.9488661079922076
        ],
        "11": [
            0.9765001029211422,
            0.9949134905284556,
            5.930795017045626e-16
        ],
        "12": [
            0.9906316389067986,
            0.9973395040710883,
            2.7621903989067e-07
        ],
        "13": [
            0.07853158398800644,
            0.9160959065633066,
            0.9177539167781815
        ],
        "14": [
            0.05372038582149181,
            0.9092476854684401,
            0.9432984213115385
        ],
        "15": [
            0.9906547668628619,
            0.9968308786346696,
            5.951997738094043e-09
        ],
        "16": [
            0.9843782751162502,
            0.996657779071521,
            1.286687991547059e-06
        ],
        "17": [
            0.9941038038648058,
            0.9967127227407879,
            1.0872598428404798e-13
        ],
        "18": [
            0.09541103766195906,
            0.7996949192517913,
            0.9060119199190966
        ],
        "19": [
            0.9986316934866396,
            0.9980428370365868,
            7.704468792774297e-20
        ]
    },
    "\"fit_uncertainties\"": {
        "0": [
            0.07137804809190604,
            0.08525438050995766,
            0.07701864669991208
        ],
        "1": [
            41.20787421063443,
            0.13342251572928077,
            41.2125885435048
        ],
        "2": [
            32.6038232398831,
            0.15955670031306837,
            32.60795740124261
        ],
        "3": [
            0.08594464841091766,
            0.1800487783895868,
            0.08888712628352509
        ],
        "4": [
            14.943040446396578,
            0.12083359512779303,
            14.947328708397496
        ],
        "5": [
            0.05728229935678545,
            0.05547925231315226,
            0.0581472194900246
        ],
        "6": [
            126.79475195575993,
            0.511352435506448,
            126.80282547574372
        ],
        "7": [
            0.0906693823640882,
            0.3469207226736402,
            0.007743281300245752
        ],
        "8": [
            0.013545178252398453,
            0.16023783939596142,
            0.016953239170396445
        ],
        "9": [
            88.82159700717514,
            0.1809693787753874,
            88.82411870952413
        ],
        "10": [
            0.005654961678448981,
            0.08108802065526165,
            0.007300614797704732
        ],
        "11": [
            21.65447411541299,
            0.11652844286393417,
            21.6606541019396
        ],
        "12": [
            60.28740787919872,
            0.1644956247208887,
            60.293021655860095
        ],
        "13": [
            0.006740881194120108,
            0.010350822527860903,
            0.007070341556276815
        ],
        "14": [
            0.04962436173835356,
            0.11398529787043714,
            0.05131242515289695
        ],
        "15": [
            22.794129675788092,
            0.07397049020347206,
            22.795804432203624
        ],
        "16": [
            232.33559409571828,
            0.7965886659295435,
            232.34647273712355
        ],
        "17": [
            62.22773299698268,
            0.2080820748678984,
            62.23065923268925
        ],
        "18": [
            0.02563232987433089,
            0.1042517534190023,
            0.029795236968729218
        ],
        "19": [
            33.76225623494549,
            0.0668894025997477,
            33.76376849690557
        ]
    },
    "\"error_bars\"": {
        "0": [
            0.004784233364802446,
            0.02174600857373342,
            0.03350953429829915,
            0.02023747898221402,
            0.011556623882239821,
            0.021296843793284403
        ],
        "1": [
            0.019154343864744874,
            0.007118052168020881,
            0.012229290885229439,
            0.012355835328567103,
            0.021699974398346412,
            0.009977753031397186
        ],
        "2": [
            0.00654896090146284,
            0.00659966329107445,
            0.011813363431112911,
            0.01151810169544734,
            0.01854723699099137,
            0.04356604182158393
        ],
        "3": [
            0.0020548046676563273,
            0.004027681991198194,
            0.004496912521077351,
            0.008981462390204994,
            0.003299831645537225,
            0.01347425528760512
        ],
        "4": [
            0.004496912521077351,
            0.007318166133366723,
            0.010338708279513891,
            0.014306175822583256,
            0.027341462205879807,
            0.04492215489043239
        ],
        "5": [
            0.0008164965809277268,
            0.003299831645537225,
            0.005887840577551903,
            0.0018856180831641283,
            0.0023570226039551605,
            0.0029439202887759515
        ],