{
    "x": {
        "[13, 17, 18]": [
            0.0,
            0.1282282715750936,
            0.2564565431501872,
            0.38468481472528077,
            0.5129130863003744,
            0.6411413578754679,
            0.7693696294505615,
            0.8975979010256552,
            1.0258261726007487,
            1.1540544441758422,
            1.2822827157509358,
            1.4105109873260295,
            1.538739258901123,
            1.6669675304762166,
            1.7951958020513104,
            1.9234240736264039,
            2.0516523452014974,
            2.179880616776591,
            2.3081088883516845,
            2.436337159926778,
            2.5645654315018716,
            2.6927937030769655,
            2.821021974652059,
            2.9492502462271526,
            3.077478517802246,
            3.2057067893773397,
            3.333935060952433,
            3.4621633325275267,
            3.5903916041026207,
            3.7186198756777142,
            3.8468481472528078,
            3.9750764188279013,
            4.103304690402995,
            4.231532961978089,
            4.359761233553182,
            4.487989505128276,
            4.616217776703369,
            4.744446048278463,
            4.872674319853556,
            5.00090259142865,
            5.129130863003743,
            5.257359134578837,
            5.385587406153931,
            5.513815677729024,
            5.642043949304118,
            5.770272220879211,
            5.898500492454305,
            6.026728764029398,
            6.154957035604492,
            6.283185307179586
        ]
    },
    "y": {
        "[13, 17, 18]": [
            -0.402,
            -0.006,
            0.462,
            0.792,
            1.13,
            1.658,
            1.918,
            2.21,
            2.496,
            2.802,
            2.874,
            3.144,
            3.244,
            3.312,
            3.27,
            3.252,
            3.014,
            2.874,
            2.734,
            2.48,
            2.08,
            1.752,
            1.248,
            1.084,
            0.546,
            0.178,
            -0.194,
            -0.678,
            -1.012,
            -1.562,
            -1.772,
            -2.028,
            -2.312,
            -2.646,
            -2.878,
            -2.99,
            -3.196,
            -3.178,
            -3.176,
            -3.188,
            -3.124,
            -2.928,
            -2.77,
            -2.534,
            -2.268,
            -1.968,
            -1.59,
            -1.264,
            -0.886,
            -0.478
        ]
    },
    "runtime": "1.44030 seconds.",
    "description": "Mermin's algorithm for 3 qubits."
}