{
    "\"t1\"": {
        "1": [
            18216.063303994746,
            851.5559891085059
        ],
        "7": [
            12226.477462374556,
            290.183630673962
        ],
        "5": [
            20985.16506823969,
            1959.9022635446422
        ],
        "9": [
            21840.546990413164,
            1248.5409125080178
        ],
        "13": [
            18653.798409394753,
            921.0421848521746
        ],
        "18": [
            25276.324638165326,
            1986.7116226679343
        ],
        "11": [
            20928.063255973004,
            644.4631376107361
        ]
    },
    "\"fitted_parameters\"": {
        "1": [
            -0.0008340914328061801,
            -0.9730375398024455,
            18216.063303994746
        ],
        "7": [
            0.08902362045441158,
            -0.733188889741123,
            12226.477462374556
        ],
        "5": [
            -0.020684563880841878,
            -1.0422516309446426,
            20985.16506823969
        ],
        "9": [
            0.0008966874984249677,
            -0.9765748521799638,
            21840.546990413164
        ],
        "13": [
            -0.009799495911074544,
            -1.009716415676371,
            18653.798409394753
        ],
        "18": [
            -0.03662467083827644,
            -1.0589469637278193,
            25276.324638165326
        ],
        "11": [
            -0.0029711774114303175,
            -0.9740277179533062,
            20928.063255973004
        ]
    },
    "\"pcov\"": {
        "1": [
            [
                2.6073690029357762e-05,
                3.6469953873023136e-06,
                -3.334048853092412e-05
            ],
            [
                3.6469953873023136e-06,
                0.00038745293120656573,
                4.292926006547215e-05
            ],
            [
                -3.334048853092411e-05,
                4.292926006547216e-05,
                7.550474829097935e-05
            ]
        ],
        "7": [
            [
                4.240559697861448e-06,
                6.906880251327303e-07,
                -3.2901586017512775e-06
            ],
            [
                6.906880251327305e-07,
                9.526960558672267e-05,
                1.340970081234705e-05
            ],
            [
                -3.2901586017512775e-06,
                1.340970081234705e-05,
                8.76786125688488e-06
            ]
        ],
        "5": [
            [
                0.00018376916557045876,
                1.755058267620795e-05,
                -0.00022776635735737922
            ],
            [
                1.755058267620795e-05,
                0.0021124074870447116,
                0.0002169036651296207
            ],
            [
                -0.00022776635735737924,
                0.0002169036651296207,
                0.0003999601085638705
            ]
        ],
        "9": [
            [
                8.715136503316626e-05,
                3.48639065841641e-05,
                -9.792003752814265e-05
            ],
            [
                3.48639065841641e-05,
                0.0004438775734693167,
                2.9669850291641913e-05
            ],
            [
                -9.792003752814265e-05,
                2.9669850291641913e-05,
                0.00016231303729762113
            ]
        ],
        "13": [
            [
                3.1262365541651886e-05,
                1.7994703238258e-05,
                -4.164172828667863e-05
            ],
            [
                1.7994703238258e-05,
                0.00024875902606137174,
                1.640494818302256e-06
            ],
            [
                -4.164172828667863e-05,
                1.6404948183022557e-06,
                8.832972785061093e-05
            ]
        ],
        "18": [
            [
                0.00018053115333463755,
                8.173700422382006e-05,
                -0.00024411659369356895
            ],
            [
                8.173700422382006e-05,
                0.0008547678354029338,
                -3.6862062923052473e-06
            ],
            [
                -0.00024411659369356895,
                -3.6862062923052477e-06,
                0.00041097699621447904
            ]
        ],
        "11": [
            [
                1.605983866153618e-05,
                5.604376960472572e-06,
                -2.0588757033332367e-05
            ],
            [
                5.604376960472572e-06,
                0.0001329916897487557,
                1.2166400173523587e-05
            ],
            [
                -2.0588757033332367e-05,
                1.2166400173523589e-05,
                4.324580755300652e-05
            ]
        ]
    },
    "\"chi2\"": {
        "1": [
            16.017928344950402,
            0.2
        ],
        "7": [
            1.1674377818405033,
            0.2
        ],
        "5": [
            87.67469261657293,
            0.2
        ],
        "9": [
            18.571017797480266,
            0.2
        ],
        "13": [
            24.929982534437762,
            0.2
        ],
        "18": [
            67.90826272447367,
            0.2
        ],
        "11": [
            6.786308085778228,
            0.2
        ]
    }
}