{
    "description": "Process tomography involves preparing a circuit particular set of states,         appending a gate (process) to the circuit, and measuring the circuit in the Pauli basis. \n        The data is processed to get the Pauli Liouville representation of a process (gate). \n         - Single qubit process tomography executed on qubits: [0, 1]\n         - Two qubit process tomography on coupled qubits: [[0, 1]]",
    "oneQubitResults": {
        "0": {
            "gpi2(0, [0.7853981633974483])": {
                "one_norm": 0.23391845290945756,
                "inf_norm": 0.2843665590503044,
                "two_norm": 0.19485184466187003,
                "time (s)": 50.60982611775398,
                "average depth": 6.583333333333333,
                "type of gates (dict)": {
                    "id": 3,
                    "gpi2": 12,
                    "z": 10,
                    "measure": 12,
                    "rz": 6
                }
            },
            "gpi2(0, [1.0471975511965976])": {
                "one_norm": 0.1725993957346325,
                "inf_norm": 0.20271445581412562,
                "two_norm": 0.14773928600528208,
                "time (s)": 50.781633814796805,
                "average depth": 6.583333333333333,
                "type of gates (dict)": {
                    "id": 3,
                    "gpi2": 12,
                    "z": 10,
                    "measure": 12,
                    "rz": 6
                }
            }
        },
        "1": {
            "gpi2(1, [0.7853981633974483])": {
                "one_norm": 0.14509353631261715,
                "inf_norm": 0.17810846945359932,
                "two_norm": 0.13057467423388058,
                "time (s)": 143.45757941156626,
                "average depth": 6.583333333333333,
                "type of gates (dict)": {
                    "id": 3,
                    "gpi2": 12,
                    "z": 10,
                    "measure": 12,
                    "rz": 6
                }
            },
            "gpi2(1, [1.0471975511965976])": {
                "one_norm": 0.13249848563318523,
                "inf_norm": 0.1556454965571026,
                "two_norm": 0.11528413399777249,
                "time (s)": 40.87004759348929,
                "average depth": 6.583333333333333,
                "type of gates (dict)": {
                    "id": 3,
                    "gpi2": 12,
                    "z": 10,
                    "measure": 12,
                    "rz": 6
                }
            }
        }
    },
    "twoQubitResults": {
        "0_1": {
            "cz(0, 1, [])": {
                "one_norm": 0.7386419194819998,
                "inf_norm": 0.14335370825083238,
                "two_norm": 0.25100572838388435,
                "time (s)": 869.1766471713781,
                "average depth": 7.6875,
                "type of gates (dict)": {
                    "id": 105,
                    "cz": 240,
                    "measure": 240,
                    "z": 232,
                    "gpi2": 237,
                    "rz": 168
                }
            }
        }
    }
}