{
    "\"fidelity\"": {
        "0": 0.9986365292120625,
        "1": 0.9350738955613489,
        "2": 0.9334225893359428,
        "3": 0.9699697096665039,
        "4": 0.9882865908324745,
        "5": 0.9915272082245479,
        "6": 0.9993330570682198,
        "7": 0.9952588404753664,
        "8": 0.9041980335397999,
        "9": 0.9290055798209504,
        "10": 0.9973569815476537,
        "11": 0.9964237338707114,
        "12": 0.9978935593320557,
        "13": 0.998948424361255,
        "14": 0.9958871071137405,
        "15": 0.9401919227227448,
        "16": 0.9991644574734286,
        "17": 0.9329268627080662,
        "18": 0.9599476762907471,
        "19": 0.8849141056227285
    },
    "\"pulse_fidelity\"": {
        "0": 0.9992728155797667,
        "1": 0.965372744299386,
        "2": 0.9644920476458362,
        "3": 0.9839838451554688,
        "4": 0.9937528484439865,
        "5": 0.9954811777197589,
        "6": 0.9996442971030506,
        "7": 0.9974713815868621,
        "8": 0.9489056178878933,
        "9": 0.9621363092378402,
        "10": 0.9985903901587486,
        "11": 0.9980926580643794,
        "12": 0.9988765649770963,
        "13": 0.9994391596593359,
        "14": 0.9978064571273283,
        "15": 0.9681023587854639,
        "16": 0.999554377319162,
        "17": 0.9642276601109686,
        "18": 0.9786387606883985,
        "19": 0.9386208563321219
    },
    "\"fit_parameters\"": {
        "0": [
            0.9914868673991273,
            0.9972730584241251,
            1.5138284255728667e-19
        ],
        "1": [
            0.05194249726661355,
            0.8701477911226977,
            0.8535592139336942
        ],
        "2": [
            0.042968369711514715,
            0.8668451786718856,
            0.9536758462312589
        ],
        "3": [
            0.05817176203539575,
            0.9399394193330078,
            0.932471376932034
        ],
        "4": [
            0.9867270863360778,
            0.9765731816649491,
            7.954859856390503e-11
        ],
        "5": [
            0.2248881953228356,
            0.9830544164490957,
            0.7661986878074584
        ],
        "6": [
            0.988853662517247,
            0.9986661141364397,
            4.98824711835696e-15
        ],
        "7": [
            0.9395147817373474,
            0.9905176809507329,
            6.382698677038673e-16
        ],
        "8": [
            0.04743559501812477,
            0.8083960670795999,
            0.9574592489879644
        ],
        "9": [
            0.039956186551266086,
            0.8580111596419008,
            0.9603639963838525
        ],
        "10": [
            0.9993186894325031,
            0.9947139630953074,
            2.0539152072577282e-11
        ],
        "11": [
            0.967104494232131,
            0.9928474677414229,
            9.278702777293433e-16
        ],
        "12": [
            0.9937559416900148,
            0.9957871186641113,
            3.741080904096951e-08
        ],
        "13": [
            0.994380639307034,
            0.9978968487225098,
            1.6153105657591726e-15
        ],
        "14": [
            0.9969447134875826,
            0.9917742142274809,
            1.0406914619181118e-11
        ],
        "15": [
            0.047221833309775786,
            0.8803838454454895,
            0.9552282065230545
        ],
        "16": [
            0.9916526465180399,
            0.9983289149468573,
            1.502181523322661e-08
        ],
        "17": [
            0.12283227304861884,
            0.8658537254161324,
            0.8784022385396684
        ],
        "18": [
            0.1603617402487615,
            0.9198953525814942,
            0.841012374552502
        ],
        "19": [
            0.345545439797862,
            0.769828211245457,
            0.5693562851118026
        ]
    },
    "\"fit_uncertainties\"": {
        "0": [
            43.03342258014876,
            0.1202054598151707,
            43.03856334771019
        ],
        "1": [
            0.01222037416177925,
            0.06504464516190563,
            0.014316604658323117
        ],
        "2": [
            0.02859156055609015,
            0.147590271984635,
            0.03105867720903211
        ],
        "3": [
            0.0684859914219927,
            0.08929868461392636,
            0.06962724298460395
        ],
        "4": [
            5.623888214452499,
            0.1445779473004688,
            5.636474861703166
        ],
        "5": [
            0.4269338513374862,
            0.03417873437915641,
            0.42759390791171503
        ],
        "6": [
            371.1465931618331,
            0.5047093768436559,
            371.1593979403621
        ],
        "7": [
            20.524114775599905,
            0.2137329481897022,
            20.532969423945566
        ],
        "8": [
            0.015718843510732085,
            0.19765950285124653,
            0.021717837002380395
        ],
        "9": [
            0.007803541725515702,
            0.0626242798215523,
            0.009022655882777054
        ],
        "10": [
            6.543398721424221,
            0.03517758570184262,
            6.544182852419441
        ],
        "11": [
            5.045435614619604,
            0.03866909230674005,
            5.048634245285926
        ],
        "12": [
            24.088035673055813,
            0.10363122014739105,
            24.090352321412123
        ],
        "13": [
            137.4365685856743,
            0.2926119956232476,
            137.43955347938422
        ],
        "14": [
            23.13645928970642,
            0.19563581001007072,
            23.14285095651195
        ],
        "15": [
            0.018359332881742584,
            0.0713585578880986,
            0.019623345936587
        ],
        "16": [
            164.61077446361165,
            0.27938001088855274,
            164.61398839447148
        ],
        "17": [
            0.03267023569920922,
            0.06099847667294409,
            0.03566219068537052
        ],
        "18": [
            0.11459615558966649,
            0.0764380386532415,
            0.11778586085823815
        ],
        "19": [
            0.0594081761378913,
            0.10962377820863539,
            0.03573236425228428
        ]
    },
    "\"error_bars\"": {
        "0": [
            0.00509901951359279,
            0.0028284271247461927,
            0.0037416573867739447,
            0.0014142135623730965,
            0.0018856180831641283,
            0.004496912521077351
        ],
        "1": [
            0.008259674462242586,
            0.009809292646374783,
            0.009672412085697947,
            0.012027745701779155,
            0.0035590260840104404,
            0.008981462390204994
        ],
        "2": [
            0.0030912061651652374,
            0.010402991022884832,
            0.0041096093353126546,
            0.015121728296285022,
            0.01302134998974975,
            0.016739839372652974
        ],
        "3": [
            0.0008164965809277268,
            0.0024944382578492965,
            0.007717224601860157,
            0.0037712361663282566,
            0.003299831645537225,
            0.008730533902472538
        ],
        "4": [
            0.016213848676020427,
            0.04998666488841466,
            0.057463031594234576,
            0.03936439451529204,
            0.10658434323211935,
            0.17269690854853834
        ],
        "5": [
            0.0018856180831641283,
            0.0021602468994692888,
            0.00489897948556636,
            0.0021602468994692888,
            0.014383632673594292,
            0.011343133018115714
        ],