{
    "\"t1\"": {
        "1": [
            13422.741176495754,
            970.1528411611571
        ],
        "3": [
            19933.99674092585,
            1219.7357970185544
        ],
        "7": [
            9791.47655496001,
            422.51542982403964
        ],
        "5": [
            18232.740808241193,
            1611.5835774210614
        ],
        "9": [
            24113.541850601283,
            1467.87041310651
        ],
        "13": [
            29643.934726543284,
            2787.2235093597665
        ],
        "18": [
            20445.896183209694,
            836.8348753430563
        ],
        "11": [
            33408.39655715108,
            2751.2587783960444
        ],
        "15": [
            22053.787036913665,
            1131.366347089019
        ]
    },
    "\"fitted_parameters\"": {
        "1": [
            0.24509327055784555,
            -0.6743066087463752,
            13422.741176495754
        ],
        "3": [
            -0.012096563893948765,
            -0.9982176049196928,
            19933.99674092585
        ],
        "7": [
            0.21094284024776702,
            -0.6496222766907975,
            9791.47655496001
        ],
        "5": [
            0.26100925994882324,
            -0.6779629998238421,
            18232.740808241193
        ],
        "9": [
            -0.003672965345704374,
            -0.9913776325201646,
            24113.541850601283
        ],
        "13": [
            -0.02217668495890821,
            -0.9748749397175829,
            29643.934726543284
        ],
        "18": [
            0.054879149158784606,
            -0.85474038480753,
            20445.896183209694
        ],
        "11": [
            0.030573742916262647,
            -0.8098547848637341,
            33408.39655715108
        ],
        "15": [
            -0.010284361339728543,
            -0.9814929744496348,
            22053.787036913665
        ]
    },
    "\"pcov\"": {
        "1": [
            [
                6.475838716690386e-05,
                3.563616689003518e-05,
                -4.8077051870491864e-05
            ],
            [
                3.563616689003518e-05,
                0.00042895286182548914,
                5.825504854682895e-05
            ],
            [
                -4.807705187049187e-05,
                5.8255048546828955e-05,
                9.800047222126877e-05
            ]
        ],
        "3": [
            [
                5.4417599108017344e-05,
                1.8046446755441702e-05,
                -7.43579332614856e-05
            ],
            [
                1.8046446755441702e-05,
                0.0005982318918339357,
                4.2406578034693285e-05
            ],
            [
                -7.435793326148561e-05,
                4.2406578034693285e-05,
                0.00015490997652316618
            ]
        ],
        "7": [
            [
                1.2715274725595293e-05,
                5.384842829972923e-06,
                -7.5413426114387815e-06
            ],
            [
                5.384842829972923e-06,
                0.00020433198473737132,
                2.6937492722183695e-05
            ],
            [
                -7.5413426114387815e-06,
                2.693749272218369e-05,
                1.858801420651739e-05
            ]
        ],
        "5": [
            [
                0.0001581597477578876,
                9.218837119909629e-05,
                -0.00014997099379768214
            ],
            [
                9.21883711990963e-05,
                0.000514952365617221,
                4.428182608700859e-05
            ],
            [
                -0.00014997099379768212,
                4.428182608700859e-05,
                0.0002704291573316603
            ]
        ],
        "9": [
            [
                0.00014030417883261514,
                7.692747316837523e-05,
                -0.00015151468793829484
            ],
            [
                7.692747316837521e-05,
                0.0004218028821590669,
                -1.4789082089187693e-05
            ],
            [
                -0.00015151468793829482,
                -1.4789082089187712e-05,
                0.00022434855785854603
            ]
        ],
        "13": [
            [
                0.0004951909167054862,
                0.00021226707828792202,
                -0.0005739939185392878
            ],
            [
                0.000212267078287922,
                0.0010250274559004768,
                -3.212269768458105e-05
            ],
            [
                -0.0005739939185392878,
                -3.212269768458108e-05,
                0.0008088936787929793
            ]
        ],
        "18": [
            [
                3.640890624894408e-05,
                1.102521152804613e-05,
                -3.932852616880684e-05
            ],
            [
                1.102521152804613e-05,
                0.00021092052888279283,
                3.1144128906989485e-05
            ],
            [
                -3.932852616880684e-05,
                3.1144128906989485e-05,
                7.29167647428601e-05
            ]
        ],
        "11": [
            [
                0.00036414268816317626,
                0.00016962856617254945,
                -0.0004911307204394257
            ],
            [
                0.0001696285661725494,
                0.0004820332066950848,
                -8.152223254776308e-05
            ],
            [
                -0.0004911307204394256,
                -8.152223254776308e-05,
                0.0007881533596107136
            ]
        ],
        "15": [
            [
                5.6949437279211314e-05,
                1.3583225516829342e-05,
                -7.244863157482813e-05
            ],
            [
                1.3583225516829346e-05,
                0.0004234990814315191,
                4.388924996455657e-05
            ],
            [
                -7.244863157482813e-05,
                4.3889249964556574e-05,
                0.00013327674003806234
            ]
        ]
    },
    "\"chi2\"": {
        "1": [
            7.6666090714565005,
            0.2
        ],
        "3": [
            35.16108750841968,
            0.2
        ],
        "7": [
            2.161609215462385,
            0.2
        ],
        "5": [
            11.702275608903705,
            0.2
        ],
        "9": [
            20.103040660595134,
            0.2
        ],
        "13": [
            31.01238072507912,
            0.2
        ],
        "18": [
            5.288142209612413,
            0.2
        ],
        "11": [
            9.786742334322488,
            0.2
        ],
        "15": [
            17.275494941620064,
            0.2
        ]
    }
}