{
    "\"measured_raw_density_matrix_real\"": {
        "[18, 19]": [
            [
                0.5061666666666668,
                0.036000000000000046,
                0.01683333333333318,
                0.4265000000000001
            ],
            [
                0.03599999999999999,
                0.02950000000000008,
                0.007499999999999945,
                0.009833333333333437
            ],
            [
                0.016833333333333353,
                0.007499999999999964,
                0.02450000000000005,
                0.02399999999999991
            ],
            [
                0.4265000000000002,
                0.009833333333333395,
                0.024000000000000132,
                0.4398333333333333
            ]
        ]
    },
    "\"measured_raw_density_matrix_imag\"": {
        "[18, 19]": [
            [
                -1.7913077089100546e-18,
                -0.009833333333333416,
                0.03199999999999996,
                0.03200000000000003
            ],
            [
                0.009833333333333305,
                3.6710167225219807e-17,
                0.004000000000000019,
                -0.026000000000000058
            ],
            [
                -0.03200000000000008,
                -0.00400000000000016,
                -3.791417463064656e-17,
                -0.01883333333333327
            ],
            [
                -0.03200000000000005,
                0.026000000000000106,
                0.018833333333333382,
                -1.383508323991961e-17
            ]
        ]
    },
    "\"measured_density_matrix_real\"": {
        "[18, 19]": [
            [
                0.5064073395412086,
                0.03575671397706419,
                0.017017560036193907,
                0.4262485768526551
            ],
            [
                0.03575671397706419,
                0.030273341820372425,
                0.007080163410523218,
                0.010053028665155022
            ],
            [
                0.01701756003619391,
                0.007080163410523218,
                0.02474449271915487,
                0.023822806812133883
            ],
            [
                0.4262485768526551,
                0.01005302866515502,
                0.02382280681213388,
                0.44009823817461247
            ]
        ]
    },
    "\"measured_density_matrix_imag\"": {
        "[18, 19]": [
            [
                0.0,
                -0.009477054916983968,
                0.03184219224519498,
                0.03197672317441038
            ],
            [
                0.009477054916983968,
                1.734723475976807e-18,
                0.003886802461884025,
                -0.025604277934206585
            ],
            [
                -0.03184219224519499,
                -0.003886802461884025,
                0.0,
                -0.019016007576551697
            ],
            [
                -0.03197672317441039,
                0.025604277934206585,
                0.019016007576551693,
                0.0
            ]
        ]
    },
    "\"fidelity\"": {
        "[18, 19]": 0.8995013657105655
    }
}