{
    "\"detuning\"": 200000,
    "\"frequency\"": {
        "1": [
            4507271919,
            784.3547146414375
        ],
        "3": [
            4506935851,
            1342.8325486743233
        ],
        "7": [
            4581684654,
            498.676534049264
        ],
        "5": [
            4515176419,
            1581.8845727094606
        ],
        "9": [
            4510465055,
            1082.6848663388869
        ],
        "13": [
            4462463542,
            1894.5448717323707
        ],
        "18": [
            4535422901,
            1584.306808005089
        ],
        "11": [
            4504915983,
            1714.4022871812656
        ],
        "15": [
            4493445606,
            459.80082377207185
        ]
    },
    "\"t2\"": {
        "1": [
            5754.913475404442,
            458.9495642030668
        ],
        "3": [
            4563.3463225769665,
            155.0422895494279
        ],
        "7": [
            15496.962753642067,
            636.853385229269
        ],
        "5": [
            3801.917970736251,
            97.21961385377324
        ],
        "9": [
            5381.627057306955,
            180.85726073944085
        ],
        "13": [
            5166.089758993516,
            257.5154011844573
        ],
        "18": [
            6154.519869503253,
            322.1939989709791
        ],
        "11": [
            2864.2241107957207,
            93.27228256363423
        ],
        "15": [
            22557.153972951503,
            1866.8829722660728
        ]
    },
    "\"delta_phys\"": {
        "1": [
            162114,
            784.3547146414375
        ],
        "3": [
            56329,
            1342.8325486743233
        ],
        "7": [
            98007,
            498.676534049264
        ],
        "5": [
            85930,
            1581.8845727094606
        ],
        "9": [
            -118599,
            1082.6848663388869
        ],
        "13": [
            29025,
            1894.5448717323707
        ],
        "18": [
            -40569,
            1584.306808005089
        ],
        "11": [
            85502,
            1714.4022871812656
        ],
        "15": [
            160973,
            459.80082377207185
        ]
    },
    "\"delta_fitting\"": {
        "1": [
            -37885.60372620587,
            784.3547146414375
        ],
        "3": [
            -143670.7651654567,
            1342.8325486743233
        ],
        "7": [
            -101992.36165337301,
            498.676534049264
        ],
        "5": [
            -114069.14308413863,
            1581.8845727094606
        ],
        "9": [
            -318599.0703353442,
            1082.6848663388869
        ],
        "13": [
            -170974.10098754195,
            1894.5448717323707
        ],
        "18": [
            -240569.0224025521,
            1584.306808005089
        ],
        "11": [
            -114497.48878307581,
            1714.4022871812656
        ],
        "15": [
            -39026.71570829333,
            459.80082377207185
        ]
    },
    "\"fitted_parameters\"": {
        "1": [
            0.5642028687041454,
            0.4736431910633301,
            0.0002380422686861249,
            0.985465355205244,
            0.00017376455862869812
        ],
        "3": [
            0.49071129813105746,
            0.5542422841647187,
            0.0009027100407588462,
            0.975913958108469,
            0.00021913743321486285
        ],
        "7": [
            0.49590799305502464,
            0.47843802025260435,
            0.0006408369081850199,
            0.9231856120769889,
            6.452877353434833e-05
        ],
        "5": [
            0.4698690969940542,
            0.5611522531899895,
            0.0007167175638288258,
            1.8548167878088493,
            0.00026302513828470303
        ],
        "9": [
            0.4919062955258256,
            0.5727981687680153,
            0.00200181699761211,
            1.9687537629965064,
            0.00018581740974455682
        ],
        "13": [
            0.47615793063225786,
            0.487111638265301,
            0.0010742619592331625,
            1.0114708894146165,
            0.0001935700010359141
        ],
        "18": [
            0.4798172925819082,
            0.5582880813730376,
            0.0015115397469222722,
            0.8708330693861989,
            0.00016248221164337755
        ],
        "11": [
            0.42425328132599627,
            0.5279747587491993,
            0.0007194089392307814,
            0.7582578785624938,
            0.0003491346910427991
        ],
        "15": [
            0.47135689504007683,
            0.43180742630649643,
            0.00024521208672582343,
            1.3689020794534101,
            4.4331833758776016e-05
        ]
    },
    "\"chi2\"": {
        "1": [
            1.5059744776253328,
            0.1
        ],
        "3": [
            5.5700856373918874,
            0.1
        ],
        "7": [
            8.079907577501597,
            0.1
        ],
        "5": [
            2.824169940599065,
            0.1
        ],
        "9": [
            6.5744485500710415,
            0.1
        ],
        "13": [
            10.680834566495092,
            0.1
        ],
        "18": [
            19.092701996544502,
            0.1
        ],
        "11": [
            1.4105945135062208,
            0.1
        ],
        "15": [
            1.2239195685382174,
            0.1
        ]
    }
}