{
    "(0, 1)": 0.8359999999999995,
    "(0, 3)": 0.9290190011605377,
    "(1, 4)": 0.521596194726771,
    "(2, 3)": 0.9180819292063722,
    "(3, 4)": 0.6130444491447925,
    "(3, 8)": 0.9370938825611834,
    "(4, 5)": 0.6049695623810912,
    "(4, 9)": 0.6180756014659333,
    "(5, 6)": 0.7722950700997335,
    "(8, 9)": 0.9310000000000005,
    "(8, 13)": 0.9255064542830184,
    "(13, 17)": 0.944523467605389,
    "(14, 18)": 0.9290671140731798,
    "(15, 19)": 0.8670719759970098,
    "(17, 18)": 0.9305016153484362,
    "(18, 19)": 0.8995013657105655,
    "best_qubits": {
        "2": [
            [
                [
                    [
                        17,
                        13
                    ]
                ],
                0.944523467605389
            ]
        ],
        "3": [
            [
                [
                    [
                        17,
                        13
                    ],
                    [
                        17,
                        18
                    ]
                ],
                0.9375125414769125
            ]
        ],
        "4": [
            [
                [
                    [
                        8,
                        3
                    ],
                    [
                        8,
                        13
                    ],
                    [
                        17,
                        13
                    ]
                ],
                0.9357079348165303
            ]
        ],
        "5": [
            [
                [
                    [
                        3,
                        8
                    ],
                    [
                        8,
                        9
                    ],
                    [
                        8,
                        13
                    ],
                    [
                        13,
                        17
                    ]
                ],
                0.9345309511123978
            ]
        ]
    }
}