{
    "fidelity": {
        "0": 0.945253934155313,
        "1": 0.998576984819288,
        "2": 0.9976265794685241,
        "3": 0.960128990631707,
        "4": 0.9960842840368146
    },
    "runtime": "1518.28241 seconds.",
    "description": "Single qubit Randomized Benchmarking executed on sinq20 backend with 100 shots per circuit and 3 iterations per depth. \n The gate fidelity is computed in a SPAM robust way."
}