{
    "\"t1\"": {
        "0": [
            28239.646957976154,
            1339.595540371127
        ],
        "2": [
            24893.95438410186,
            932.5199644614507
        ],
        "4": [
            17491.490610963516,
            327.3694242073844
        ],
        "8": [
            28281.937819672698,
            1111.4369470525053
        ],
        "12": [
            31051.390193567782,
            1049.2485771921329
        ],
        "6": [
            26603.526156785036,
            1001.6134302074599
        ],
        "10": [
            22462.79418477506,
            839.5597675762285
        ],
        "14": [
            18802.91221562899,
            337.04877314492734
        ],
        "17": [
            18056.331859752503,
            414.9159757384621
        ],
        "16": [
            31944.81387048149,
            1165.9453643894933
        ],
        "19": [
            32617.733053653566,
            1542.0160161779202
        ]
    },
    "\"fitted_parameters\"": {
        "0": [
            -0.015312377433341566,
            -0.8478753056248853,
            28239.646957976154
        ],
        "2": [
            -0.020449768193563263,
            -1.0068015745114962,
            24893.95438410186
        ],
        "4": [
            0.012945205282016743,
            -0.9147335125313789,
            17491.490610963516
        ],
        "8": [
            -0.03060364827464781,
            -1.0123632374522766,
            28281.937819672698
        ],
        "12": [
            -0.028829987713765902,
            -0.9754171976061464,
            31051.390193567782
        ],
        "6": [
            -0.01320362596205504,
            -0.9588347487833416,
            26603.526156785036
        ],
        "10": [
            -0.0070405289094433035,
            -0.9516574628553752,
            22462.79418477506
        ],
        "14": [
            0.00013080156242614238,
            -0.8608859624098791,
            18802.91221562899
        ],
        "17": [
            0.009807021574195432,
            -0.9614502222711256,
            18056.331859752503
        ],
        "16": [
            -0.009312216137604782,
            -0.450100917249359,
            31944.81387048149
        ],
        "19": [
            -0.051418603860275386,
            -1.042351762775986,
            32617.733053653566
        ]
    },
    "\"pcov\"": {
        "0": [
            [
                6.388440379728988e-05,
                7.424767232580902e-07,
                -9.723743621672507e-05
            ],
            [
                7.424767232580912e-07,
                0.0002877517346096398,
                6.547700421200689e-05
            ],
            [
                -9.723743621672507e-05,
                6.547700421200689e-05,
                0.0001868509175116839
            ]
        ],
        "2": [
            [
                3.679121237681213e-05,
                1.6590982363779643e-05,
                -4.9322990789063335e-05
            ],
            [
                1.659098236377964e-05,
                0.00017361728206014574,
                4.209521338073007e-06
            ],
            [
                -4.9322990789063335e-05,
                4.209521338073006e-06,
                9.054492754260572e-05
            ]
        ],
        "4": [
            [
                3.4478745509957942e-06,
                -1.451743934296883e-07,
                -4.076891545280185e-06
            ],
            [
                -1.4517439342968838e-07,
                7.40482782116961e-05,
                1.1047534948418395e-05
            ],
            [
                -4.076891545280184e-06,
                1.1047534948418393e-05,
                1.1158969169707872e-05
            ]
        ],
        "8": [
            [
                6.504710096936747e-05,
                3.747132982443596e-05,
                -8.156520649122792e-05
            ],
            [
                3.747132982443596e-05,
                0.000161032848262317,
                -2.0457756473430217e-05
            ],
            [
                -8.156520649122792e-05,
                -2.045775647343023e-05,
                0.0001286226663133479
            ]
        ],
        "12": [
            [
                5.9784417210093644e-05,
                2.81167851068212e-05,
                -7.50099164640317e-05
            ],
            [
                2.8116785106821196e-05,
                0.00012045624358049884,
                -9.688632435687493e-06
            ],
            [
                -7.50099164640317e-05,
                -9.688632435687495e-06,
                0.00011463167188043682
            ]
        ],
        "6": [
            [
                4.92072437184067e-05,
                1.6969644306187673e-05,
                -6.238250116810818e-05
            ],
            [
                1.6969644306187673e-05,
                0.0001800768427650036,
                1.318304376336101e-05
            ],
            [
                -6.238250116810818e-05,
                1.318304376336101e-05,
                0.00010445954431194859
            ]
        ],
        "10": [
            [
                2.6720493981938828e-05,
                3.970359451779081e-06,
                -3.6293890464249686e-05
            ],
            [
                3.970359451779081e-06,
                0.00022750974993415095,
                3.0268675292777655e-05
            ],
            [
                -3.629389046424968e-05,
                3.0268675292777655e-05,
                7.339239934742304e-05
            ]
        ],
        "14": [
            [
                2.234128758008945e-06,
                -2.17434651551337e-06,
                -3.7659864363418277e-06
            ],
            [
                -2.17434651551337e-06,
                8.864226580270348e-05,
                1.5993716440878094e-05
            ],
            [
                -3.7659864363418277e-06,
                1.5993716440878094e-05,
                1.1828600112297035e-05
            ]
        ],
        "17": [
            [
                6.2412429692436575e-06,
                3.776057968007499e-06,
                -6.975272796739883e-06
            ],
            [
                3.7760579680074985e-06,
                5.4245553079248104e-05,
                3.220023226651173e-06
            ],
            [
                -6.975272796739884e-06,
                3.2200232266511734e-06,
                1.792537139972929e-05
            ]
        ],
        "16": [
            [
                1.2638473564091422e-05,
                -2.484184188110091e-06,
                -3.881798952067139e-05
            ],
            [
                -2.484184188110091e-06,
                4.853445126383855e-05,
                3.119436799096209e-05
            ],
            [
                -3.881798952067139e-05,
                3.119436799096209e-05,
                0.00014154816667444277
            ]
        ],
        "19": [
            [
                0.00014653572079878282,
                9.337588717930268e-05,
                -0.00017538516743081323
            ],
            [
                9.337588717930268e-05,
                0.0002285232359272415,
                -7.360570159216655e-05
            ],
            [
                -0.00017538516743081323,
                -7.360570159216654e-05,
                0.0002475857345011687
            ]
        ]
    },
    "\"chi2\"": {
        "0": [
            6.642094154409036,
            0.2
        ],
        "2": [
            10.817523317614949,
            0.2
        ],
        "4": [
            1.9781182749864727,
            0.2
        ],
        "8": [
            9.455174828654217,
            0.2
        ],
        "12": [
            4.4448004967071,
            0.2
        ],