{
    "\"fidelity\"": {
        "0": 0.9224176862005218,
        "1": 0.5136308518949851,
        "2": 0.9671232006850763,
        "3": 0.9990967437460614,
        "4": 0.9366333715167516,
        "5": 0.9976132054530343,
        "6": 0.8173781388436021,
        "7": 0.9916279198862821,
        "8": 0.84858471025405,
        "9": 0.9984325238352352,
        "10": 0.8632560130962441,
        "11": 0.8401757418942758,
        "12": 0.8624435514299658,
        "13": 0.8640154662571626,
        "14": 0.9824218046833059,
        "15": 0.960739618772656,
        "16": 0.6379585372245182,
        "17": 0.9944164613008003,
        "18": 0.9953624924526988,
        "19": 0.8393571489404215
    },
    "\"pulse_fidelity\"": {
        "0": 0.9586227659736116,
        "1": 0.7406031210106587,
        "2": 0.9824657070320406,
        "3": 0.9995182633312327,
        "4": 0.9662044648089342,
        "5": 0.998727042908285,
        "6": 0.9026016740499211,
        "7": 0.9955348906060171,
        "8": 0.9192451788021601,
        "9": 0.9991640127121254,
        "10": 0.9270698736513302,
        "11": 0.9147603956769471,
        "12": 0.9266365607626484,
        "13": 0.9274749153371534,
        "14": 0.9906249624977631,
        "15": 0.9790611300120832,
        "16": 0.8069112198530763,
        "17": 0.9970221126937602,
        "18": 0.9975266626414394,
        "19": 0.9143238127682247
    },
    "\"fit_parameters\"": {
        "0": [
            0.03914712807965428,
            0.8448353724010434,
            0.843934820933366
        ],
        "1": [
            0.9999999999999898,
            0.027261703789970244,
            0.8227365057822533
        ],
        "2": [
            0.08633294804679223,
            0.9342464013701525,
            0.8992990869169647
        ],
        "3": [
            0.9584426660080353,
            0.9981934874921229,
            9.127138274486387e-08
        ],
        "4": [
            0.05956261323000363,
            0.8732667430335032,
            0.8691176602891987
        ],
        "5": [
            0.87710287203384,
            0.9952264109060687,
            3.083400036524741e-11
        ],
        "6": [
            0.02493678893902724,
            0.6347562776872041,
            0.8431447014592507
        ],
        "7": [
            0.8708898973319728,
            0.9832558397725641,
            2.237341882857952e-16
        ],
        "8": [
            0.06954580355974224,
            0.6971694205081002,
            0.9351135114233632
        ],
        "9": [
            0.9637094970517714,
            0.9968650476704704,
            9.849897327692003e-16
        ],
        "10": [
            0.048440684572693925,
            0.7265120261924882,
            0.8907874691676368
        ],
        "11": [
            0.07950413079271294,
            0.6803514837885516,
            0.8337267676460821
        ],
        "12": [
            0.031840634274523265,
            0.7248871028599316,
            0.8698616890076231
        ],
        "13": [
            0.023184419745138064,
            0.7280309325143253,
            0.9305846167831535
        ],
        "14": [
            0.08925854889125887,
            0.9648436093666117,
            0.8058022936318312
        ],
        "15": [
            0.052875446757842934,
            0.921479237545312,
            0.9243257144742816
        ],
        "16": [
            0.046068323525001786,
            0.2759170744490364,
            0.9426339325368617
        ],
        "17": [
            0.9735315775420559,
            0.9888329226016006,
            1.1044906557927255e-10
        ],
        "18": [
            0.908765319362013,
            0.9907249849053976,
            2.5335979944380498e-15
        ],
        "19": [
            0.025986059413898404,
            0.6787142978808428,
            0.9582750586306072
        ]
    },
    "\"fit_uncertainties\"": {
        "0": [
            0.030130218872611983,
            0.2584291152382145,
            0.034775217648938275
        ],
        "1": [
            7.9243706531392375,
            0.22137018990675433,
            0.005756970296428759
        ],
        "2": [
            0.012589250137051564,
            0.015502068806102625,
            0.013709489925472837
        ],
        "3": [
            123.12128037374994,
            0.23397069073591448,
            123.12526756192558
        ],
        "4": [
            0.025607440791390188,
            0.131197727584555,
            0.03095245636555742
        ],
        "5": [
            92.75361554375607,
            0.5163069811301876,
            92.77012829104673
        ],
        "6": [
            0.01774115371472585,
            0.3312928202394205,
            0.001680936606476227
        ],
        "7": [
            4.836417790106503,
            0.10140124070695199,
            4.848515567193558
        ],
        "8": [
            0.014031142737766941,
            0.060094676289190845,
            0.002468252685529733
        ],
        "9": [
            55.139205894006295,
            0.18166253548964947,
            55.14347729551069
        ],
        "10": [
            0.012680065233331202,
            0.21605056583707763,
            0.013604577418078839
        ],
        "11": [
            0.03461284905527152,
            0.22325270338599534,
            0.01425359423662796
        ],
        "12": [
            0.00373301479343886,
            0.09102233929195196,
            0.00436919293405434
        ],
        "13": [
            0.00790905580169769,
            0.19907258695460642,
            0.005314043769191676
        ],
        "14": [
            0.3836993369587735,
            0.18658078095766442,
            0.3912008328844091
        ],
        "15": [
            0.02974607136825448,
            0.07339501132723866,
            0.03230269033380104
        ],
        "16": [
            0.047474731254470076,
            0.27760310745655636,
            0.0003204249845082867
        ],
        "17": [
            13.427733730869202,
            0.15984874541456565,
            13.434547899331303
        ],
        "18": [
            21.30498607840169,
            0.22785745867404306,
            21.321279518621232
        ],
        "19": [
            0.002608396363734344,
            0.10160585873237826,
            0.002529115173225422
        ]
    },
    "\"error_bars\"": {
        "0": [
            0.002867441755680878,
            0.007408703590297629,
            0.005906681715556456,
            0.024115462996914586,
            0.011575836902790236,
            0.011897712198383176
        ],
        "1": [
            0.0008164965809277268,
            0.004027681991198194,
            0.023795424396766303,
            0.012918548250050744,
            0.025249862485874137,
            0.10313852604897722
        ],
        "2": [
            0.0060184900284226015,
            0.0024944382578492965,
            0.00047140452079103207,
            0.0032659863237109073,
            0.008498365855987981,
            0.004642796092394661
        ],
        "3": [
            0.005436502143433369,
            0.009626352718795776,
            0.0060184900284226015,
            0.003299831645537225,
            0.006182412330330475,
            0.013572848714334852
        ],
        "4": [
            0.017107503227141753,
            0.015434449203720314,
            0.04134677200889519,
            0.028705400188814675,
            0.005734883511361756,
            0.010530379332620885
        ],
        "5": [
            0.004642796092394711,
            0.002867441755680878,
            0.008730533902472538,
            0.014704496666741812,
            0.013140268896284694,
            0.020885933597094026
        ],