{
    "\"measured_raw_density_matrix_real\"": {
        "[18, 19]": [
            [
                0.5136666666666667,
                0.02416666666666667,
                0.020499999999999866,
                0.4545
            ],
            [
                0.024166666666666656,
                0.007666666666666766,
                0.010500000000000037,
                0.006500000000000096
            ],
            [
                0.020500000000000018,
                0.010500000000000008,
                0.022333333333333386,
                0.01216666666666659
            ],
            [
                0.45450000000000024,
                0.006500000000000079,
                0.012166666666666756,
                0.45633333333333326
            ]
        ]
    },
    "\"measured_raw_density_matrix_imag\"": {
        "[18, 19]": [
            [
                7.870391705942799e-19,
                0.007666666666666627,
                0.019333333333333307,
                0.008500000000000044
            ],
            [
                -0.0076666666666665995,
                2.965705383724374e-17,
                -0.010499999999999989,
                -0.023666666666666714
            ],
            [
                -0.019333333333333386,
                0.010499999999999846,
                -4.692521621392962e-17,
                0.006666666666666737
            ],
            [
                -0.008500000000000119,
                0.023666666666666766,
                -0.006666666666666654,
                5.130842680410312e-19
            ]
        ]
    },
    "\"measured_density_matrix_real\"": {
        "[18, 19]": [
            [
                0.5153740781884353,
                0.021743351051626697,
                0.02009328536979793,
                0.4527275106764898
            ],
            [
                0.021743351051626694,
                0.015283750660822666,
                0.0070367226241161845,
                0.0088329340283208
            ],
            [
                0.020093285369797927,
                0.0070367226241161845,
                0.026338075651883567,
                0.012765629030169728
            ],
            [
                0.4527275106764898,
                0.008832934028320801,
                0.012765629030169732,
                0.4581813748040636
            ]
        ]
    },
    "\"measured_density_matrix_imag\"": {
        "[18, 19]": [
            [
                0.0,
                0.010337441536213373,
                0.016750248668444264,
                0.008383171502311368
            ],
            [
                -0.010337441536213373,
                0.0,
                -0.006197655472531348,
                -0.020728281748597054
            ],
            [
                -0.016750248668444264,
                0.006197655472531348,
                0.0,
                0.004012957192858953
            ],
            [
                -0.008383171502311368,
                0.020728281748597054,
                -0.004012957192858953,
                0.0
            ]
        ]
    },
    "\"fidelity\"": {
        "[18, 19]": 0.939505237172739
    }
}