{
    "\"t1\"": {
        "1": [
            20384.859311584336,
            1702.5080423412685
        ],
        "7": [
            13930.997753528789,
            425.473829463898
        ],
        "5": [
            15525.0884719642,
            1062.8239136544923
        ],
        "9": [
            22830.929448431296,
            1094.6318557179904
        ],
        "13": [
            7478.391338434749,
            148.05806736772698
        ],
        "18": [
            20046.81864252521,
            1373.7434872760098
        ],
        "11": [
            21462.084948216245,
            1050.2659767511063
        ]
    },
    "\"fitted_parameters\"": {
        "1": [
            -0.02057746962394837,
            -1.0402926789987588,
            20384.859311584336
        ],
        "7": [
            0.12397256096987536,
            -0.8455183620137002,
            13930.997753528789
        ],
        "5": [
            -0.007914072855480675,
            -1.0205501247381235,
            15525.0884719642
        ],
        "9": [
            0.013902017848473579,
            -0.9669429012072656,
            22830.929448431296
        ],
        "13": [
            0.010507672578343568,
            -0.9608891216783036,
            7478.391338434749
        ],
        "18": [
            -0.017571787097756565,
            -1.0461696344055373,
            20046.81864252521
        ],
        "11": [
            -0.014612912695883724,
            -0.9841612166598053,
            21462.084948216245
        ]
    },
    "\"pcov\"": {
        "1": [
            [
                0.00011698445155742102,
                3.0458487372422508e-06,
                -0.0001595289881549773
            ],
            [
                3.0458487372422516e-06,
                0.0016389902341019116,
                0.00016400809585060764
            ],
            [
                -0.00015952898815497729,
                0.00016400809585060766,
                0.0003018048348851207
            ]
        ],
        "7": [
            [
                1.6152973528968903e-05,
                1.0395997100659971e-05,
                -1.0655073727908458e-05
            ],
            [
                1.0395997100659971e-05,
                9.615842751425126e-05,
                7.51953007858006e-06
            ],
            [
                -1.065507372790846e-05,
                7.51953007858006e-06,
                1.8849227359295526e-05
            ]
        ],
        "5": [
            [
                2.4870387796329775e-05,
                -1.310299530820083e-05,
                -4.050954926941465e-05
            ],
            [
                -1.310299530820083e-05,
                0.0015707255021441032,
                0.00013498128746268088
            ],
            [
                -4.050954926941465e-05,
                0.00013498128746268086,
                0.00011761710448103412
            ]
        ],
        "9": [
            [
                7.889395656170585e-05,
                4.904492448077169e-05,
                -8.162853178193309e-05
            ],
            [
                4.904492448077169e-05,
                0.0002344703186254286,
                -1.2966893226491416e-05
            ],
            [
                -8.162853178193309e-05,
                -1.2966893226491408e-05,
                0.0001247624843349241
            ]
        ],
        "13": [
            [
                7.039539401318677e-07,
                4.820299519169623e-07,
                -3.334350042863534e-07
            ],
            [
                4.820299519169624e-07,
                4.862045091950209e-05,
                2.6338976037936468e-06
            ],
            [
                -3.334350042863535e-07,
                2.6338976037936468e-06,
                2.2825063840760496e-06
            ]
        ],
        "18": [
            [
                4.928429629007401e-05,
                -6.916870582785119e-06,
                -8.259416761004844e-05
            ],
            [
                -6.916870582785118e-06,
                0.0011569766951629178,
                0.0001177846167186428
            ],
            [
                -8.259416761004844e-05,
                0.0001177846167186428,
                0.00019649845573024285
            ]
        ],
        "11": [
            [
                2.9728512156181716e-05,
                -1.3218989959014343e-05,
                -4.812541061970465e-05
            ],
            [
                -1.3218989959014343e-05,
                0.0006325971028765807,
                9.849280067734267e-05
            ],
            [
                -4.812541061970465e-05,
                9.849280067734268e-05,
                0.00011485408391513487
            ]
        ]
    },
    "\"chi2\"": {
        "1": [
            74.84510365734806,
            0.2
        ],
        "7": [
            2.8753404700886582,
            0.2
        ],
        "5": [
            61.1026049249282,
            0.2
        ],
        "9": [
            11.908676151451427,
            0.2
        ],
        "13": [
            2.0414526981134737,
            0.2
        ],
        "18": [
            66.64968518350621,
            0.2
        ],
        "11": [
            19.774478193838448,
            0.2
        ]
    }
}