{
    "\"detuning\"": 200000,
    "\"frequency\"": {
        "0": [
            4314971942,
            241.28707902003097
        ],
        "2": [
            4332060189,
            286.9326117331834
        ],
        "4": [
            4337926346,
            917.0924584223965
        ],
        "8": [
            4299645126,
            881.3905305173405
        ],
        "12": [
            4373734257,
            405.63187225533005
        ],
        "6": [
            4391340879,
            312.56291117925747
        ],
        "10": [
            4442353968,
            758.8694455718354
        ],
        "14": [
            4369724589,
            669.6251604320205
        ],
        "17": [
            4312117061,
            376.30042540474335
        ],
        "16": [
            4370692242,
            525.1372180849478
        ],
        "19": [
            4328981844,
            310.94610181413424
        ]
    },
    "\"t2\"": {
        "0": [
            14773.456122934831,
            275.7808752854464
        ],
        "2": [
            18440.59828723667,
            483.7511348474631
        ],
        "4": [
            4496.590724053672,
            111.39888089543211
        ],
        "8": [
            8658.214650493856,
            335.5022083991311
        ],
        "12": [
            14939.81700689218,
            461.24283511651316
        ],
        "6": [
            29602.12213857469,
            1301.3452021988396
        ],
        "10": [
            15050.219373661483,
            891.1508090426519
        ],
        "14": [
            13690.07395562568,
            676.219684017559
        ],
        "17": [
            25697.312471579466,
            1219.1612163148998
        ],
        "16": [
            15651.626090481397,
            679.7890386823
        ],
        "19": [
            12992.668190512015,
            264.01631503079125
        ],
        "1": [
            5754.913475404442,
            458.9495642030668
        ],
        "3": [
            4563.3463225769665,
            155.0422895494279
        ],
        "7": [
            15496.962753642067,
            636.853385229269
        ],
        "5": [
            3801.917970736251,
            97.21961385377324
        ],
        "9": [
            5381.627057306955,
            180.85726073944085
        ],
        "13": [
            5166.089758993516,
            257.5154011844573
        ],
        "18": [
            6154.519869503253,
            322.1939989709791
        ],
        "11": [
            2864.2241107957207,
            93.27228256363423
        ],
        "15": [
            22557.153972951503,
            1866.8829722660728
        ]
    },
    "\"delta_phys\"": {
        "0": [
            -17698,
            241.28707902003097
        ],
        "2": [
            -1657,
            286.9326117331834
        ],
        "4": [
            -293262,
            917.0924584223965
        ],
        "8": [
            -10197,
            881.3905305173405
        ],
        "12": [
            -236,
            405.63187225533005
        ],
        "6": [
            -3382,
            312.56291117925747
        ],
        "10": [
            40842,
            758.8694455718354
        ],
        "14": [
            -200175,
            669.6251604320205
        ],
        "17": [
            -18660,
            376.30042540474335
        ],
        "16": [
            -3660,
            525.1372180849478
        ],
        "19": [
            -58124,
            310.94610181413424
        ]
    },
    "\"delta_fitting\"": {
        "0": [
            -217698.87754240303,
            241.28707902003097
        ],
        "2": [
            -201657.31434997352,
            286.9326117331834
        ],
        "4": [
            -493262.32593123824,
            917.0924584223965
        ],
        "8": [
            -210197.1248992158,
            881.3905305173405
        ],
        "12": [
            -200236.16446896116,
            405.63187225533005
        ],
        "6": [
            -203382.08771576663,
            312.56291117925747
        ],
        "10": [
            -159157.59958482248,
            758.8694455718354
        ],
        "14": [
            -400175.94139066915,
            669.6251604320205
        ],
        "17": [
            -218660.32623563902,
            376.30042540474335
        ],
        "16": [
            -203660.04000929339,
            525.1372180849478
        ],
        "19": [
            -258124.89019298519,
            310.94610181413424
        ]
    },
    "\"fitted_parameters\"": {
        "0": [
            0.48600186917655847,
            0.5081105109310552,
            0.0013678423887639147,
            1.5781334885102616,
            6.768896808429038e-05
        ],
        "2": [
            0.4792874830571804,
            0.4802865255466737,
            0.0012670502746090486,
            1.3131423531397193,
            5.422817548669948e-05
        ],
        "4": [
            0.4722604967434453,
            0.4994986776584723,
            0.0030992585988763844,
            2.0192870956789375,
            0.00022239070917677407
        ],
        "8": [
            0.4639935496500879,
            0.5138851645489008,
            0.001320707486778145,
            1.0318761546176822,
            0.00011549725207412836
        ],
        "12": [
            0.47639610317734343,
            0.4806518048831247,
            0.001258120926557372,
            1.333645616790316,
            6.693522414221475e-05
        ],
        "6": [
            0.4739885416475105,
            0.4755002122203971,
            0.0012778873452792146,
            1.3093404418746792,
            3.378136186719176e-05
        ],
        "10": [
            0.40736289940769915,
            0.41836590161037124,
            0.0010000166912373285,
            0.940323125222508,
            6.644421421192319e-05
        ],
        "14": [
            0.4802215596141582,
            0.4842977559039578,
            0.0025143795952326116,
            1.3473746104798658,
            7.304562438751974e-05
        ],
        "17": [
            0.4779400718590549,
            0.4917791198374426,
            0.0013738833490668622,
            1.0982747221821256,
            3.891457525396763e-05
        ],
        "16": [
            0.4421641194241307,
            0.4494243253248861,
            0.0012796337710459988,
            1.2855671168396006,
            6.389112506387782e-05
        ],
        "19": [
            0.4811049115459546,
            0.4985169120073,
            0.0016218465174779085,
            1.5060819269238634,
            7.69664848926302e-05
        ]
    },
    "\"chi2\"": {
        "0": [
            2.183451639044902,
            0.1
        ],
        "2": [
            3.431827570418742,
            0.1
        ],
        "4": [
            2.0509349552652436,
            0.1
        ],
        "8": [
            10.096637884589061,
            0.1
        ],
        "12": [
            5.1819509335928995,
            0.1
        ],
        "6": [
            6.272002721629411,
            0.1
        ],
        "10": [
            12.301014281130865,
            0.1
        ],
        "14": [
            13.400568681077203,
            0.1
        ],
        "17": [
            9.455447541101263,
            0.1
        ],
        "16": [
            7.817605277707267,
            0.1
        ],
        "19": [
            2.6867675831450852,
            0.1
        ]
    }
}