{
    "readout_fidelity": {
        "0": 0.9025,
        "1": 0.9345,
        "2": 0.984,
        "3": 0.9815,
        "4": 0.9595,
        "5": 0.9815,
        "6": 0.9685,
        "7": 0.6585000000000001,
        "8": 0.9825,
        "9": 0.988,
        "10": 0.9755,
        "11": 0.9705,
        "12": 0.962,
        "13": 0.9855,
        "14": 0.9415,
        "15": 0.952,
        "16": 0.718,
        "17": 0.9865,
        "18": 0.982,
        "19": 0.9765
    },
    "runtime": "341.59568 seconds.",
    "description": "Readout fidelity experiment executed on sinq20 backend with 1000 shots per circuit."
}