{
    "\"detuning\"": 200000,
    "\"frequency\"": {
        "1": [
            4507199074,
            1156.3771459473119
        ],
        "3": [
            4506880957,
            1717.1626273012907
        ],
        "7": [
            4581625277,
            539.6923179505148
        ],
        "5": [
            4515147624,
            1497.182851919268
        ],
        "9": [
            4510487042,
            1008.1321109296323
        ],
        "13": [
            4462452796,
            1888.3710317991797
        ],
        "18": [
            4535401088,
            1675.991547667588
        ],
        "11": [
            4504740619,
            1058.8017406005627
        ],
        "15": [
            4493441340,
            460.5151409029044
        ]
    },
    "\"t2\"": {
        "1": [
            4849.4448396506,
            153.5443352299605
        ],
        "3": [
            4732.448300052128,
            199.57006746312692
        ],
        "7": [
            17177.223117681227,
            762.0907786475301
        ],
        "5": [
            3751.7625287661044,
            94.06446130786807
        ],
        "9": [
            6070.1465371990735,
            210.94574397539446
        ],
        "13": [
            5858.704684551715,
            357.01500565500953
        ],
        "18": [
            6409.570886185025,
            375.2097859265737
        ],
        "11": [
            5963.305653461054,
            196.444417343299
        ],
        "15": [
            20951.945409388212,
            1029.502806584976
        ]
    },
    "\"delta_phys\"": {
        "1": [
            89269,
            1156.3771459473119
        ],
        "3": [
            1435,
            1717.1626273012907
        ],
        "7": [
            38630,
            539.6923179505148
        ],
        "5": [
            57135,
            1497.182851919268
        ],
        "9": [
            -96612,
            1008.1321109296323
        ],
        "13": [
            18279,
            1888.3710317991797
        ],
        "18": [
            -62382,
            1675.991547667588
        ],
        "11": [
            -89862,
            1058.8017406005627
        ],
        "15": [
            156707,
            460.5151409029044
        ]
    },
    "\"delta_fitting\"": {
        "1": [
            -110730.92069040799,
            1156.3771459473119
        ],
        "3": [
            -198564.67255772665,
            1717.1626273012907
        ],
        "7": [
            -161369.90539738507,
            539.6923179505148
        ],
        "5": [
            -142864.283056561,
            1497.182851919268
        ],
        "9": [
            -296612.694731206,
            1008.1321109296323
        ],
        "13": [
            -181720.86908970276,
            1888.3710317991797
        ],
        "18": [
            -262382.3839067834,
            1675.991547667588
        ],
        "11": [
            -289862.5471914761,
            1058.8017406005627
        ],
        "15": [
            -43292.545794247315,
            460.5151409029044
        ]
    },
    "\"fitted_parameters\"": {
        "1": [
            0.5304386480244034,
            0.48652542634413914,
            0.0006957428939324395,
            0.8808107970933277,
            0.00020620917095987617
        ],
        "3": [
            0.4835949518188165,
            0.5465133776414584,
            0.0012476186331396336,
            1.0578124607230261,
            0.0002113071155978577
        ],
        "7": [
            0.4909654807938776,
            0.47170019847040323,
            0.0010139170186138097,
            0.962779540408717,
            5.821662751592593e-05
        ],
        "5": [
            0.47231498667729893,
            0.5476845840129271,
            0.0008976427642217296,
            1.7606043765777875,
            0.00026654139016865874
        ],
        "9": [
            0.494410120895808,
            0.5829748877099638,
            0.001863672525458057,
            2.0078576263035144,
            0.00016474066875845578
        ],
        "13": [
            0.4765399622548226,
            0.5683923500110565,
            0.0011417858946723254,
            0.8587904658768114,
            0.00017068619325305966
        ],
        "18": [
            0.476630541462547,
            0.5741593027449435,
            0.0016485971394258549,
            0.8081416207660264,
            0.00015601668469809212
        ],
        "11": [
            0.4782335987397156,
            0.4601497971485979,
            0.0018212600976151322,
            1.1686822776899657,
            0.00016769222610945795
        ],
        "15": [
            0.46398583077804306,
            0.4372469077203188,
            0.0002720150876448141,
            1.4199187213971884,
            4.772826486804022e-05
        ]
    },
    "\"chi2\"": {
        "1": [
            3.194305986104113,
            0.1
        ],
        "3": [
            10.07512749576415,
            0.1
        ],
        "7": [
            10.401248200234845,
            0.1
        ],
        "5": [
            2.6427862047692248,
            0.1
        ],
        "9": [
            8.351976327681454,
            0.1
        ],
        "13": [
            25.365231034683585,
            0.1
        ],
        "18": [
            25.719156409533916,
            0.1
        ],
        "11": [
            4.591641439512886,
            0.1
        ],
        "15": [
            1.2711935376077534,
            0.1
        ]
    }
}