{
    "t1": {
        "0": 17.216138246761897,
        "1": 13.422741176495753,
        "2": 27.523789955044236,
        "3": 19.93399674092585,
        "4": 26.80418553550705,
        "5": 18.232740808241193,
        "6": 18.317787914990646,
        "7": 9.79147655496001,
        "8": 29.47063025164789,
        "9": 24.113541850601283,
        "10": 38.16227019386304,
        "11": 33.40839655715108,
        "12": 28.848420964176043,
        "13": 29.643934726543286,
        "14": 23.027388655842085,
        "15": 22.053787036913665,
        "16": 14.440358098250291,
        "17": 28.441084510729546,
        "18": 20.445896183209694,
        "19": 29.807866923203683
    },
    "t2": {
        "0": 13.3553142981925,
        "1": 4.8421535886050435,
        "2": 11.813151244251257,
        "3": 4.532805539888407,
        "4": 3.155925298676805,
        "5": 2.7948230341816416,
        "6": 21.349541494767983,
        "7": 10.528290365964436,
        "8": 7.47755848497316,
        "9": 5.042394850380696,
        "10": 14.744773401301376,
        "11": 5.36419025073782,
        "12": 16.42634825835359,
        "13": 5.906967529845268,
        "14": 10.956188839238603,
        "15": 23.338838473488504,
        "16": 14.559285852721539,
        "17": 21.40936034608497,
        "18": 5.584083782434573,
        "19": 22.432141934044786
    },
    "runtime": 88.82,
    "description": "T1 and T2 experiments performed on sinq20 backend. \n The thermalization and coherence times are computed with this routine."
}