{
    "\"t1\"": {
        "1": [
            21792.77957885341,
            1695.1832125047042
        ],
        "7": [
            15259.59646934908,
            390.3585609107476
        ],
        "9": [
            19326.523728604956,
            615.8953365958265
        ],
        "13": [
            16729.706391543037,
            693.6926668190025
        ],
        "18": [
            19988.292951526862,
            1059.9922732214513
        ],
        "11": [
            15960.715434675265,
            480.06220936419385
        ]
    },
    "\"fitted_parameters\"": {
        "1": [
            -0.021924338657162288,
            -1.0224501889003277,
            21792.77957885341
        ],
        "7": [
            0.1202103708929159,
            -0.8518174824852284,
            15259.59646934908
        ],
        "9": [
            0.03321114316000399,
            -0.9489027671686386,
            19326.523728604956
        ],
        "13": [
            -0.004843198262128681,
            -0.9755582848242773,
            16729.706391543037
        ],
        "18": [
            -0.015041258224160185,
            -1.0211145310112575,
            19988.292951526862
        ],
        "11": [
            0.007900384270451088,
            -0.724147596641779,
            15960.715434675265
        ]
    },
    "\"pcov\"": {
        "1": [
            [
                0.00011158166496724616,
                -1.2226854337192858e-05,
                -0.0001572579240540169
            ],
            [
                -1.2226854337192858e-05,
                0.0014267737359306384,
                0.0001827108771280269
            ],
            [
                -0.0001572579240540169,
                0.0001827108771280269,
                0.0002992134656349198
            ]
        ],
        "7": [
            [
                1.3029563511805078e-05,
                8.42118408246541e-06,
                -9.253407251546242e-06
            ],
            [
                8.42118408246541e-06,
                6.496471126870012e-05,
                4.484615570557981e-06
            ],
            [
                -9.253407251546242e-06,
                4.484615570557981e-06,
                1.586628551398478e-05
            ]
        ],
        "9": [
            [
                2.502784384761164e-05,
                1.4697929405163055e-05,
                -2.3589085563523657e-05
            ],
            [
                1.4697929405163053e-05,
                0.00011024747882678622,
                3.4435726006573624e-06
            ],
            [
                -2.3589085563523657e-05,
                3.443572600657363e-06,
                3.949677901296193e-05
            ]
        ],
        "13": [
            [
                1.1083720609107313e-05,
                -3.7608067199443706e-06,
                -1.7354072475661493e-05
            ],
            [
                -3.7608067199443714e-06,
                0.0004199415544588174,
                4.6823785333322037e-05
            ],
            [
                -1.7354072475661493e-05,
                4.6823785333322037e-05,
                5.010511411895665e-05
            ]
        ],
        "18": [
            [
                2.5733883746570037e-05,
                3.3530662209211157e-06,
                -4.56836083939095e-05
            ],
            [
                3.3530662209211157e-06,
                0.00048468000373018085,
                4.002105420196874e-05
            ],
            [
                -4.56836083939095e-05,
                4.002105420196873e-05,
                0.00011699121400345479
            ]
        ],
        "11": [
            [
                2.9291167234359795e-06,
                -3.872413838514839e-06,
                -5.09368791189704e-06
            ],
            [
                -3.872413838514839e-06,
                0.00023504775523071518,
                4.233612786680915e-05
            ],
            [
                -5.09368791189704e-06,
                4.233612786680915e-05,
                2.399622291333102e-05
            ]
        ]
    },
    "\"chi2\"": {
        "1": [
            52.690707753090585,
            0.2
        ],
        "7": [
            2.098600060738518,
            0.2
        ],
        "9": [
            5.212107686829822,
            0.2
        ],
        "13": [
            15.217171578220427,
            0.2
        ],
        "18": [
            36.76655856780625,
            0.2
        ],
        "11": [
            3.306960444946845,
            0.2
        ]
    }
}