{
    "t1": {
        "0": 28.239646957976156,
        "1": 18.216063303994748,
        "2": 24.89395438410186,
        "3": 14.414181273119882,
        "4": 17.491490610963517,
        "5": 20.98516506823969,
        "6": 26.603526156785037,
        "7": 12.226477462374556,
        "8": 28.2819378196727,
        "9": 21.840546990413163,
        "10": 22.46279418477506,
        "11": 20.928063255973004,
        "12": 31.051390193567784,
        "13": 18.653798409394753,
        "14": 18.80291221562899,
        "15": 14.698829170385345,
        "16": 31.94481387048149,
        "17": 18.056331859752504,
        "18": 25.276324638165327,
        "19": 32.617733053653566
    },
    "t2": {
        "0": 2.693270340324575,
        "1": 5.0352311217555865,
        "2": 19.67248814435285,
        "3": 6.000191064418829,
        "4": 4.284681711291104,
        "5": 3.695855297258072,
        "6": 21.421860059613195,
        "7": 9.185234938911755,
        "8": 10.075251401758715,
        "9": 6.031885462638123,
        "10": 11.818779229154499,
        "11": 6.0505737069099235,
        "12": 6.5150644923815175,
        "13": 5.318289327118765,
        "14": 13.148099628653501,
        "15": 24.474162521633136,
        "16": 0,
        "17": 18.085235761722583,
        "18": 5.743631214613384,
        "19": 20.97753196279867
    },
    "runtime": "136.54991 seconds.",
    "description": "T1 and T2 experiments performed on sinq20 backend. \n The thermalization and coherence times are computed with this routine."
}