{
    "t1": {
        "0": 26.425787727801684,
        "1": 21.79277957885341,
        "2": 23.271546723152436,
        "3": 14.414181273119882,
        "4": 22.314184791862058,
        "5": 16.8166155961873,
        "6": 35.55022244145802,
        "7": 15.25959646934908,
        "8": 24.111176606368332,
        "9": 19.326523728604958,
        "10": 22.075856594785687,
        "11": 15.960715434675265,
        "12": 25.397888118003554,
        "13": 16.729706391543036,
        "14": 20.01276981647932,
        "15": 14.698829170385345,
        "16": 20.3965272439928,
        "17": 28.648181193275285,
        "18": 19.988292951526862,
        "19": 28.78607431790287
    },
    "t2": {
        "0": 14.773456122934832,
        "1": 5.754913475404441,
        "2": 18.440598287236668,
        "3": 4.563346322576966,
        "4": 4.4965907240536716,
        "5": 3.801917970736251,
        "6": 29.60212213857469,
        "7": 15.496962753642066,
        "8": 8.658214650493855,
        "9": 5.381627057306955,
        "10": 15.050219373661482,
        "11": 2.8642241107957207,
        "12": 14.93981700689218,
        "13": 5.1660897589935155,
        "14": 13.69007395562568,
        "15": 22.557153972951504,
        "16": 15.651626090481397,
        "17": 25.697312471579465,
        "18": 6.154519869503253,
        "19": 12.992668190512015
    },
    "runtime": "95.56 seconds.",
    "description": "T1 and T2 experiments performed on sinq20 backend. \n The thermalization and coherence times are computed with this routine."
}