{
    "\"detuning\"": 200000,
    "\"frequency\"": {
        "1": [
            4552941426,
            1159.6598392370315
        ],
        "3": [
            4506754455,
            1551.8114201943101
        ],
        "7": [
            4581791145,
            593.6129409180145
        ],
        "5": [
            4515208484,
            3293.4398470458373
        ],
        "9": [
            4510437558,
            1134.7314525493348
        ],
        "13": [
            4462381946,
            1571.2586822997825
        ],
        "18": [
            4535423507,
            1602.4679562251497
        ],
        "11": [
            4504705422,
            1472.9189051761168
        ],
        "15": [
            4493447310,
            772.8660168318398
        ]
    },
    "\"t2\"": {
        "1": [
            4842.153588605043,
            134.5094133650041
        ],
        "3": [
            4532.805539888406,
            157.70303192509374
        ],
        "7": [
            10528.290365964436,
            342.1241816464175
        ],
        "5": [
            2794.8230341816416,
            103.06676674068272
        ],
        "9": [
            5042.394850380696,
            166.00495248077732
        ],
        "13": [
            5906.967529845268,
            298.602392412185
        ],
        "18": [
            5584.083782434573,
            268.5792357304302
        ],
        "11": [
            5364.19025073782,
            236.7946484863163
        ],
        "15": [
            23338.838473488504,
            2665.0189822057255
        ]
    },
    "\"delta_phys\"": {
        "1": [
            1507,
            1159.6598392370315
        ],
        "3": [
            -125067,
            1551.8114201943101
        ],
        "7": [
            34654,
            593.6129409180145
        ],
        "5": [
            117995,
            3293.4398470458373
        ],
        "9": [
            -146096,
            1134.7314525493348
        ],
        "13": [
            -52571,
            1571.2586822997825
        ],
        "18": [
            -39963,
            1602.4679562251497
        ],
        "11": [
            -125059,
            1472.9189051761168
        ],
        "15": [
            162677,
            772.8660168318398
        ]
    },
    "\"delta_fitting\"": {
        "1": [
            -198492.4530169734,
            1159.6598392370315
        ],
        "3": [
            -325067.06503712863,
            1551.8114201943101
        ],
        "7": [
            -165345.27542874866,
            593.6129409180145
        ],
        "5": [
            -82004.58339826093,
            3293.4398470458373
        ],
        "9": [
            -346096.67421108886,
            1134.7314525493348
        ],
        "13": [
            -252571.60255433,
            1571.2586822997825
        ],
        "18": [
            -239963.89137362596,
            1602.4679562251497
        ],
        "11": [
            -325059.5475215631,
            1472.9189051761168
        ],
        "15": [
            -37322.51102034301,
            772.8660168318398
        ]
    },
    "\"fitted_parameters\"": {
        "1": [
            0.5196752634866091,
            0.424115683770228,
            0.0012471648643822815,
            1.2321827082170786,
            0.0002065196780113053
        ],
        "3": [
            0.500545734419557,
            0.4917348711165346,
            0.0020424566068892778,
            1.3328333460294637,
            0.0002206139202752164
        ],
        "7": [
            0.4913319573633498,
            0.367543845814749,
            0.0010388950051854755,
            1.109366733934719,
            9.498218278940825e-05
        ],
        "5": [
            0.5197246333560823,
            0.44167657054612636,
            0.0005152499935293361,
            1.5253684476937674,
            0.0003578044075670116
        ],
        "9": [
            0.49923625311601477,
            0.5412130189434128,
            0.0021745895382668337,
            1.947888820350201,
            0.0001983184636809037
        ],
        "13": [
            0.4664506400380991,
            0.47696733724679263,
            0.0015869541821801683,
            0.8664559435757733,
            0.00016929160266201682
        ],
        "18": [
            0.49227911199256,
            0.4715899272351688,
            0.0015077375965324047,
            0.861265847410136,
            0.0001790804076302766
        ],
        "11": [
            0.49327740529609,
            0.3677236995990974,
            0.0020424093729459296,
            1.3282114184320533,
            0.00018642142676845858
        ],
        "15": [
            0.5343893786828391,
            0.40567817267197426,
            0.0002345042528700674,
            1.6200728012170786,
            4.2847033760310694e-05
        ]
    },
    "\"chi2\"": {
        "1": [
            2.379317282752484,
            0.1
        ],
        "3": [
            5.258916584403254,
            0.1
        ],
        "7": [
            3.181367661254007,
            0.1
        ],
        "5": [
            1.538032328488793,
            0.1
        ],
        "9": [
            5.132536233479542,
            0.1
        ],
        "13": [
            10.521282635650582,
            0.1
        ],
        "18": [
            9.216584911278876,
            0.1
        ],
        "11": [
            4.0449754283304165,
            0.1
        ],
        "15": [
            1.9441276068103515,
            0.1
        ]
    }
}