{
    "(0, 1)": 0.7795072670850506,
    "(0, 3)": 0.9205765136367874,
    "(1, 4)": 0.5327703007877838,
    "(2, 3)": 0.8971659530554498,
    "(3, 4)": 0.6916354709669041,
    "(3, 8)": 0.9289999999999998,
    "(4, 5)": 0.33376565759343024,
    "(4, 9)": 0.8751926653590312,
    "(5, 6)": 0.8775000000000005,
    "(8, 9)": 0.9250200623485514,
    "(8, 13)": 0.911,
    "(13, 17)": 0.9230022855461701,
    "(14, 18)": 0.8838183440292626,
    "(15, 19)": 0.868523115303649,
    "(17, 18)": 0.943,
    "(18, 19)": 0.9480103712311785,
    "best_qubits": {
        "2": [
            [
                [
                    [
                        18,
                        19
                    ]
                ],
                0.9480103712311785
            ]
        ],
        "3": [
            [
                [
                    [
                        17,
                        18
                    ],
                    [
                        18,
                        19
                    ]
                ],
                0.9455051856155892
            ]
        ],
        "4": [
            [
                [
                    [
                        17,
                        13
                    ],
                    [
                        17,
                        18
                    ],
                    [
                        18,
                        19
                    ]
                ],
                0.938004218925783
            ]
        ],
        "5": [
            [
                [
                    [
                        8,
                        13
                    ],
                    [
                        13,
                        17
                    ],
                    [
                        17,
                        18
                    ],
                    [
                        18,
                        19
                    ]
                ],
                0.9312531641943371
            ]
        ]
    }
}