{
    "\"t1\"": {
        "0": [
            17216.138246761897,
            773.8500863033407
        ],
        "2": [
            27523.789955044238,
            1392.5052074174146
        ],
        "4": [
            26804.185535507047,
            1470.3811899481893
        ],
        "8": [
            29470.63025164789,
            1547.7325742077833
        ],
        "12": [
            28848.420964176043,
            1191.8084191020105
        ],
        "6": [
            18317.787914990648,
            930.3972599211226
        ],
        "10": [
            38162.270193863034,
            3407.6153222322077
        ],
        "14": [
            23027.388655842085,
            555.7116496716792
        ],
        "17": [
            28441.084510729546,
            693.8764667947074
        ],
        "16": [
            14440.358098250292,
            431.1429798844125
        ],
        "19": [
            29807.866923203685,
            1070.135191989362
        ]
    },
    "\"fitted_parameters\"": {
        "0": [
            0.25065747747592054,
            -0.7004881525775,
            17216.138246761897
        ],
        "2": [
            -0.035396958641767826,
            -1.0276884902786085,
            27523.789955044238
        ],
        "4": [
            0.022689075760572754,
            -0.7200804401051382,
            26804.185535507047
        ],
        "8": [
            -0.028553537152291284,
            -0.903613465312664,
            29470.63025164789
        ],
        "12": [
            0.03577417051428159,
            -0.8823336980049494,
            28848.420964176043
        ],
        "6": [
            0.2978646672754953,
            -0.6770118281818287,
            18317.787914990648
        ],
        "10": [
            -0.04511992622824987,
            -0.9776330835021588,
            38162.270193863034
        ],
        "14": [
            0.05653721882962227,
            -0.8675541478825782,
            23027.388655842085
        ],
        "17": [
            0.010883677531619326,
            -0.9090662213938869,
            28441.084510729546
        ],
        "16": [
            0.1077281153672821,
            -0.7551487644484028,
            14440.358098250292
        ],
        "19": [
            -0.013580646457221462,
            -0.9996016567221309,
            29807.866923203685
        ]
    },
    "\"pcov\"": {
        "0": [
            [
                4.067942327478038e-05,
                2.6523100764411914e-05,
                -3.4916700169825915e-05
            ],
            [
                2.6523100764411917e-05,
                0.00013144742500563692,
                7.818612544885376e-06
            ],
            [
                -3.491670016982591e-05,
                7.818612544885374e-06,
                6.235359809159599e-05
            ]
        ],
        "2": [
            [
                0.00010016945366031756,
                5.37060382209929e-05,
                -0.00012771475530757329
            ],
            [
                5.370603822099288e-05,
                0.0002864508461341707,
                -2.461453253825872e-05
            ],
            [
                -0.00012771475530757326,
                -2.461453253825873e-05,
                0.0002019024107335086
            ]
        ],
        "4": [
            [
                6.811931737563658e-05,
                3.794615986021641e-06,
                -0.00010760141565491095
            ],
            [
                3.7946159860216487e-06,
                0.0002840833363300835,
                7.593499469206713e-05
            ],
            [
                -0.00010760141565491095,
                7.593499469206711e-05,
                0.00022511670593018047
            ]
        ],
        "8": [
            [
                9.35900582840907e-05,
                3.86362453794103e-06,
                -0.00013819679812193653
            ],
            [
                3.863624537941027e-06,
                0.00037004132666956183,
                7.58783983747733e-05
            ],
            [
                -0.00013819679812193656,
                7.587839837477328e-05,
                0.0002494248356168108
            ]
        ],
        "12": [
            [
                8.29990543560186e-05,
                4.076590253960785e-05,
                -9.759119972782152e-05
            ],
            [
                4.076590253960785e-05,
                0.00015536519796462633,
                -9.145406883511055e-06
            ],
            [
                -9.759119972782152e-05,
                -9.145406883511052e-06,
                0.00014789747062082814
            ]
        ],
        "6": [
            [
                6.132230696320149e-05,
                4.780091839396744e-05,
                -5.3453913050177265e-05
            ],
            [
                4.780091839396743e-05,
                0.0001263680355124953,
                -1.4269612498257176e-05
            ],
            [
                -5.3453913050177265e-05,
                -1.4269612498257181e-05,
                9.013318005713588e-05
            ]
        ],
        "10": [
            [
                0.0007795751760884227,
                0.00048078572978539733,
                -0.0009157148134681785
            ],
            [
                0.00048078572978539733,
                0.0007552129915304112,
                -0.0004099454015960848
            ],
            [
                -0.0009157148134681785,
                -0.00040994540159608467,
                0.001209063117900012
            ]
        ],
        "14": [
            [
                1.7487542125430583e-05,
                7.74324282024771e-06,
                -1.8982589237481686e-05
            ],
            [
                7.743242820247708e-06,
                6.319990192184445e-05,
                5.601021994947628e-06
            ],
            [
                -1.898258923748169e-05,
                5.601021994947628e-06,
                3.2154876882634224e-05
            ]
        ],
        "17": [
            [
                2.5689042671856358e-05,
                1.0704878391929576e-05,
                -3.1416217956975485e-05
            ],
            [
                1.0704878391929578e-05,
                6.097355096417128e-05,
                1.5397079883082343e-06
            ],
            [
                -3.141621795697549e-05,
                1.5397079883082336e-06,
                5.013166921819105e-05
            ]
        ],
        "16": [
            [
                1.0201772488986487e-05,
                1.9438778567869875e-06,
                -8.744386400237175e-06
            ],
            [
                1.9438778567869875e-06,
                0.00013650590513638637,
                2.1839714035816946e-05
            ],
            [
                -8.744386400237175e-06,
                2.183971403581695e-05,
                1.9354880164890767e-05
            ]
        ],
        "19": [
            [
                7.938662884613389e-05,
                5.507190745584555e-05,
                -8.692172403778438e-05
            ],
            [
                5.507190745584555e-05,
                0.00011978885358858653,
                -4.0350340345130196e-05
            ],
            [
                -8.692172403778439e-05,
                -4.03503403451302e-05,
                0.00011924087142171065
            ]
        ]
    },
    "\"chi2\"": {
        "0": [
            3.4752871933341525,
            0.2
        ],
        "2": [
            17.747185531029697,
            0.2
        ],
        "4": [
            5.296887552309975,
            0.2
        ],
        "8": [
            9.306698326684307,
            0.2
        ],
        "12": [
            4.173355580478726,
            0.2
        ],