{
    "\"t1\"": {
        "0": [
            20675.627676755,
            414.92234827315457
        ],
        "2": [
            29093.551443301167,
            1274.0883140445746
        ],
        "4": [
            24626.24735453681,
            832.4887544720107
        ],
        "8": [
            24254.53513067068,
            640.0299667813798
        ],
        "12": [
            22902.322258270895,
            634.3619822378619
        ],
        "6": [
            33573.29611077199,
            1761.9406541349867
        ],
        "10": [
            24956.407638543387,
            1200.534543683986
        ],
        "14": [
            25228.411318002334,
            952.323003832552
        ],
        "17": [
            32643.19995632938,
            1212.368415676569
        ],
        "16": [
            25603.821294061665,
            560.8512419771237
        ],
        "19": [
            30223.75639906824,
            1250.8984565510307
        ]
    },
    "\"fitted_parameters\"": {
        "0": [
            -0.006042508962543993,
            -0.9873425719230161,
            20675.627676755
        ],
        "2": [
            -0.018279062899327275,
            -0.6109777029440939,
            29093.551443301167
        ],
        "4": [
            -0.009700209900152166,
            -0.8596304341215302,
            24626.24735453681
        ],
        "8": [
            -0.017636695545262877,
            -1.0009535448444187,
            24254.53513067068
        ],
        "12": [
            0.0014923385284728895,
            -0.9351140198714515,
            22902.322258270895
        ],
        "6": [
            -0.06273235311224136,
            -1.05744088539073,
            33573.29611077199
        ],
        "10": [
            -0.018777803468507537,
            -0.9841934987058816,
            24956.407638543387
        ],
        "14": [
            -0.019159726741073597,
            -0.9811826578832425,
            25228.411318002334
        ],
        "17": [
            -0.0474740044319269,
            -1.032361278501082,
            32643.19995632938
        ],
        "16": [
            -0.015094794142059704,
            -0.9902474198915918,
            25603.821294061665
        ],
        "19": [
            -0.03806663403281972,
            -1.0106071576817743,
            30223.75639906824
        ]
    },
    "\"pcov\"": {
        "0": [
            [
                5.714110101408354e-06,
                1.700334007716304e-06,
                -7.881519597126045e-06
            ],
            [
                1.700334007716304e-06,
                5.597386728502981e-05,
                5.459467166857852e-06
            ],
            [
                -7.881519597126045e-06,
                5.459467166857851e-06,
                1.792592202171064e-05
            ]
        ],
        "2": [
            [
                2.3131134943337977e-05,
                -1.1784143799598527e-05,
                -5.666619452180217e-05
            ],
            [
                -1.1784143799598525e-05,
                0.00017542981315330546,
                7.836375706483154e-05
            ],
            [
                -5.666619452180217e-05,
                7.836375706483156e-05,
                0.00016902343106881993
            ]
        ],
        "4": [
            [
                2.0086504068057992e-05,
                -6.381847174712872e-06,
                -3.2459324579839686e-05
            ],
            [
                -6.381847174712867e-06,
                0.00019985462271024444,
                4.770304264624092e-05
            ],
            [
                -3.2459324579839686e-05,
                4.770304264624093e-05,
                7.216134176617655e-05
            ]
        ],
        "8": [
            [
                1.4509617187778447e-05,
                5.473278779708349e-06,
                -2.093842466219114e-05
            ],
            [
                5.47327877970835e-06,
                8.837913337139824e-05,
                5.406775185217705e-06
            ],
            [
                -2.093842466219114e-05,
                5.406775185217705e-06,
                4.265289029343754e-05
            ]
        ],
        "12": [
            [
                1.669948081247823e-05,
                3.313343329063235e-06,
                -2.1422486562160153e-05
            ],
            [
                3.313343329063235e-06,
                0.00011635350429869008,
                1.6434288893024265e-05
            ],
            [
                -2.142248656216015e-05,
                1.6434288893024265e-05,
                4.1900783476546175e-05
            ]
        ],
        "6": [
            [
                0.0001988829333177843,
                0.00014811281096272825,
                -0.0002363908597866994
            ],
            [
                0.00014811281096272828,
                0.0002677119900723055,
                -0.00014152252998352312
            ],
            [
                -0.0002363908597866994,
                -0.0001415225299835231,
                0.00032324394717759533
            ]
        ],
        "10": [
            [
                6.596645201639434e-05,
                2.49433010711539e-05,
                -8.592876987046444e-05
            ],
            [
                2.49433010711539e-05,
                0.00030992536375741163,
                1.699299502076836e-05
            ],
            [
                -8.592876987046444e-05,
                1.699299502076836e-05,
                0.00015007113604524323
            ]
        ],
        "14": [
            [
                3.778169705025961e-05,
                1.5225835068193972e-05,
                -5.1448391917639956e-05
            ],
            [
                1.5225835068193972e-05,
                0.00018050142252334868,
                8.04853254596248e-06
            ],
            [
                -5.1448391917639956e-05,
                8.04853254596248e-06,
                9.443139354734016e-05
            ]
        ],
        "17": [
            [
                8.953738245411903e-05,
                5.592605312150551e-05,
                -0.00010771218885330955
            ],
            [
                5.5926053121505526e-05,
                0.00013687568967206526,
                -4.350954218657704e-05
            ],
            [
                -0.00010771218885330955,
                -4.3509542186577034e-05,
                0.00015304427065078238
            ]
        ],
        "16": [
            [
                1.4210293984123815e-05,
                6.211819320901785e-06,
                -1.8344622299226468e-05
            ],
            [
                6.211819320901785e-06,
                5.7732381490911495e-05,
                2.004463522496779e-06
            ],
            [
                -1.834462229922647e-05,
                2.0044635224967794e-06,
                3.275240687497732e-05
            ]
        ],
        "19": [
            [
                8.262389212802622e-05,
                3.845763779604683e-05,
                -0.00010536864320723389
            ],
            [
                3.845763779604683e-05,
                0.00019100385689430226,
                -1.3042284077008131e-05
            ],
            [
                -0.00010536864320723389,
                -1.3042284077008138e-05,
                0.00016292658773445968
            ]
        ]
    },
    "\"chi2\"": {
        "0": [
            3.215951276190722,
            0.2
        ],
        "2": [
            3.486258486931559,
            0.2
        ],
        "4": [
            4.468007300991343,
            0.2
        ],
        "8": [
            5.636125579180844,
            0.2
        ],
        "12": [
            3.9271964732259037,
            0.2
        ],