{
    "(0, 1)": 0.7835018873435249,
    "(0, 3)": 0.34983832010051896,
    "(1, 4)": 0.43360803244315826,
    "(2, 3)": 0.3579076112823787,
    "(3, 4)": 0.4964183258267603,
    "(3, 8)": 0.3405027992944284,
    "(4, 5)": 0.4581181790112969,
    "(4, 9)": 0.6061239575137812,
    "(5, 6)": 0.28792822032331356,
    "(8, 9)": 0.8615032983546715,
    "(8, 13)": 0.9000832705716215,
    "(13, 17)": 0.9016181100119268,
    "(14, 18)": 0.9045573772924314,
    "(15, 19)": 0.8670102015908796,
    "(17, 18)": 0.8810061366436001,
    "(18, 19)": 0.939505237172739,
    "best_qubits": {
        "2": [
            [
                18,
                19
            ],
            0.939505237172739
        ],
        "3": [
            [
                14,
                18,
                19
            ],
            0.9220313072325852
        ],
        "4": [
            [
                17,
                14,
                18,
                19
            ],
            0.90835625036959
        ],
        "5": [
            [
                13,
                17,
                14,
                18,
                19
            ],
            0.9066717152801744
        ]
    }
}