{
    "\"measured_raw_density_matrix_real\"": {
        "[18, 19]": [
            [
                0.4335000000000001,
                0.10683333333333335,
                0.1753333333333332,
                0.23349999999999976
            ],
            [
                0.10683333333333306,
                0.09583333333333345,
                0.07049999999999998,
                0.021333333333333523
            ],
            [
                0.1753333333333335,
                0.07050000000000012,
                0.20316666666666688,
                0.03883333333333337
            ],
            [
                0.23350000000000015,
                0.021333333333333378,
                0.038833333333333594,
                0.26749999999999996
            ]
        ]
    },
    "\"measured_raw_density_matrix_imag\"": {
        "[18, 19]": [
            [
                -3.2066278906501826e-18,
                -0.14400000000000013,
                -0.06349999999999997,
                0.023999999999999796
            ],
            [
                0.1439999999999999,
                4.844597948035013e-17,
                0.038000000000000624,
                0.1044999999999999
            ],
            [
                0.06349999999999989,
                -0.0380000000000005,
                -9.215384968508236e-18,
                0.08300000000000014
            ],
            [
                -0.024000000000000268,
                -0.10449999999999986,
                -0.08299999999999981,
                -3.4837496108647974e-17
            ]
        ]
    },
    "\"measured_density_matrix_real\"": {
        "[18, 19]": [
            [
                0.4335000000000001,
                0.10683333333333296,
                0.17533333333333342,
                0.23350000000000007
            ],
            [
                0.10683333333333296,
                0.09583333333333345,
                0.07050000000000006,
                0.021333333333333305
            ],
            [
                0.17533333333333345,
                0.07050000000000006,
                0.20316666666666683,
                0.038833333333333525
            ],
            [
                0.23350000000000007,
                0.021333333333333305,
                0.038833333333333525,
                0.26749999999999985
            ]
        ]
    },
    "\"measured_density_matrix_imag\"": {
        "[18, 19]": [
            [
                0.0,
                -0.14399999999999988,
                -0.0634999999999999,
                0.02400000000000028
            ],
            [
                0.14399999999999988,
                0.0,
                0.038000000000000464,
                0.10449999999999986
            ],
            [
                0.0634999999999999,
                -0.038000000000000464,
                -3.469446951953614e-18,
                0.08299999999999975
            ],
            [
                -0.024000000000000275,
                -0.10449999999999986,
                -0.08299999999999974,
                0.0
            ]
        ]
    },
    "\"fidelity\"": {
        "[18, 19]": 0.5839999999999999
    }
}