{
    "(0, 1)": 0.21177355088328315,
    "(0, 3)": 0.8270000000000004,
    "(1, 4)": 0.2639999999999999,
    "(2, 3)": 0.9140000000000004,
    "(3, 4)": 0.6584999999999998,
    "(3, 8)": 0.8415032572851129,
    "(4, 5)": 0.6765388399347159,
    "(4, 9)": 0.6866051751727729,
    "(5, 6)": 0.7815000000000001,
    "(8, 9)": 0.850001578487831,
    "(8, 13)": 0.7585,
    "(13, 17)": 0.8119999999999996,
    "(14, 18)": 0.7460000000000004,
    "(15, 19)": 0.8475000000000006,
    "(17, 18)": 0.7929999999999999,
    "(18, 19)": 0.7919999999999991,
    "best_qubits": {
        "2": [
            [
                [
                    [
                        2,
                        3
                    ]
                ],
                0.9140000000000004
            ]
        ],
        "3": [
            [
                [
                    [
                        8,
                        3
                    ],
                    [
                        2,
                        3
                    ]
                ],
                0.8777516286425566
            ]
        ],
        "4": [
            [
                [
                    [
                        8,
                        3
                    ],
                    [
                        8,
                        9
                    ],
                    [
                        2,
                        3
                    ]
                ],
                0.8685016119243146
            ]
        ],
        "5": [
            [
                [
                    [
                        0,
                        3
                    ],
                    [
                        2,
                        3
                    ],
                    [
                        3,
                        8
                    ],
                    [
                        8,
                        9
                    ]
                ],
                0.8581262089432362
            ]
        ]
    }
}