{
    "\"detuning\"": 200000,
    "\"frequency\"": {
        "0": [
            4315002989,
            2680.2407379472597
        ],
        "2": [
            4332027599,
            260.71338864863606
        ],
        "4": [
            4317737474,
            4672.598011237804
        ],
        "8": [
            4299594841,
            797.2416266070887
        ],
        "12": [
            4360574176,
            644.5414352446226
        ],
        "6": [
            4391141897,
            311.18004040492343
        ],
        "10": [
            4442272332,
            883.2559740952366
        ],
        "14": [
            4369648690,
            600.996604297804
        ],
        "17": [
            4311568405,
            336.23190305356536
        ],
        "16": [
            4370876739,
            9380.97536206033
        ],
        "19": [
            4329002544,
            235.4855037233308
        ]
    },
    "\"t2\"": {
        "0": [
            2693.2703403245746,
            103.21293523755485
        ],
        "2": [
            19672.48814435285,
            466.5508774499286
        ],
        "4": [
            4284.681711291104,
            528.1895691788324
        ],
        "8": [
            10075.251401758715,
            414.65849852851585
        ],
        "12": [
            6515.064492381517,
            151.07803859101702
        ],
        "6": [
            21421.860059613195,
            759.5656837024699
        ],
        "10": [
            11818.7792291545,
            681.5238376743358
        ],
        "14": [
            13148.099628653501,
            571.6062810569459
        ],
        "17": [
            18085.235761722583,
            543.0787433517633
        ],
        "16": [
            458667.461790115,
            4787802.547645139
        ],
        "19": [
            20977.53196279867,
            496.4880438279884
        ],
        "1": [
            5035.231121755586,
            279.21787774912775
        ],
        "3": [
            6000.191064418829,
            176.98588863735282
        ],
        "7": [
            9185.234938911755,
            369.6182072524585
        ],
        "5": [
            3695.855297258072,
            115.49696122711993
        ],
        "9": [
            6031.8854626381235,
            201.9589442446257
        ],
        "13": [
            5318.289327118765,
            278.8063331171527
        ],
        "18": [
            5743.631214613383,
            241.2841413644548
        ],
        "11": [
            6050.573706909923,
            183.7822345544325
        ],
        "15": [
            24474.162521633138,
            653.5134212425661
        ]
    },
    "\"delta_phys\"": {
        "0": [
            53081,
            2680.2407379472597
        ],
        "2": [
            99265,
            260.71338864863606
        ],
        "4": [
            -4461687,
            4672.598011237804
        ],
        "8": [
            -89096,
            797.2416266070887
        ],
        "12": [
            -3203285,
            644.5414352446226
        ],
        "6": [
            -319041,
            311.18004040492343
        ],
        "10": [
            -40794,
            883.2559740952366
        ],
        "14": [
            -145012,
            600.996604297804
        ],
        "17": [
            -147139,
            336.23190305356536
        ],
        "16": [
            180837,
            9380.97536206033
        ],
        "19": [
            -37424,
            235.4855037233308
        ]
    },
    "\"delta_fitting\"": {
        "0": [
            -146918.59146390067,
            2680.2407379472597
        ],
        "2": [
            -100734.63472913251,
            260.71338864863606
        ],
        "4": [
            -4661687.077384024,
            4672.598011237804
        ],
        "8": [
            -289096.88127022586,
            797.2416266070887
        ],
        "12": [
            -3403285.7238983205,
            644.5414352446226
        ],
        "6": [
            -519041.67667556,
            311.18004040492343
        ],
        "10": [
            -240794.35815895212,
            883.2559740952366
        ],
        "14": [
            -345012.0831031351,
            600.996604297804
        ],
        "17": [
            -347139.65961114725,
            336.23190305356536
        ],
        "16": [
            -19162.00141218804,
            9380.97536206033
        ],
        "19": [
            -237424.91175068216,
            235.4855037233308
        ]
    },
    "\"fitted_parameters\"": {
        "0": [
            0.41373527575046154,
            0.5165738771096778,
            0.0009231167352375008,
            2.0863855927292994,
            0.00037129581276251934
        ],
        "2": [
            0.4825408948011848,
            0.48515146106299994,
            0.0006329343768541879,
            1.2376604557695046,
            5.083241086039532e-05
        ],
        "4": [
            0.3521750809140464,
            0.11554966262880793,
            0.029290243751288244,
            -0.9376195537793557,
            0.00023338956482223035
        ],
        "8": [
            0.47871488797940537,
            0.522384124476203,
            0.0018164492767485246,
            1.1069011322651012,
            9.925310646099035e-05
        ],
        "12": [
            0.4669803911195045,
            0.43451545236574635,
            0.02138347485653197,
            2.052740559277092,
            0.00015349042226203043
        ],
        "6": [
            0.4607595680945159,
            0.4640548561388195,
            0.0032612350367017357,
            1.485686982757691,
            4.6681287115926414e-05
        ],
        "10": [
            0.40748193901237983,
            0.43075662524870895,
            0.001512955573236067,
            1.1566693568626998,
            8.46111075104276e-05
        ],
        "14": [
            0.4192439803559411,
            0.440601971977293,
            0.002167774851353041,
            1.1586184884080861,
            7.60566186934507e-05
        ],
        "17": [
            0.4880580692226857,
            0.4946142520274507,
            0.002181142808808083,
            1.2732077261820156,
            5.529372208221365e-05
        ],
        "16": [
            0.4280845633847671,
            0.262861843819444,
            0.00012039840572921438,
            3.13918118469862,
            2.18022877859515e-06
        ],
        "19": [
            0.48595461339524076,
            0.5044111204648092,
            0.001491784717070296,
            1.5088210550300005,
            4.767005011711527e-05
        ]
    },
    "\"chi2\"": {
        "0": [
            2.473050166226957,
            0.1
        ],
        "2": [
            2.7925903603606113,
            0.1
        ],
        "4": [
            2.414267639366123,
            0.1
        ],
        "8": [
            12.838716445444238,
            0.1
        ],
        "12": [
            2.0467291342761444,
            0.1
        ],
        "6": [
            4.907524229094669,
            0.1
        ],
        "10": [
            13.791308909978628,
            0.1
        ],
        "14": [
            8.41558232004616,
            0.1
        ],
        "17": [
            5.31175883210592,
            0.1
        ],
        "16": [
            3.22505151359028,
            0.1
        ],
        "19": [
            3.1172895278197754,
            0.1
        ]
    }
}